ticket,direction,entry_price,entry_time,exit_price,exit_time,sl_original,tp,pnl_pts,close_type,lot,zone_type,signal_count,signals,regime,regime_cat,session,pre_score,atr,be_triggered,lock_triggered,stale_tightened,peak_profit,rsi_val,ema_trend,pd_zone
1,SHORT,3475.21,2025-09-02T02:00:00+00:00,3484.9,2025-09-02T04:00:00+00:00,3491.58,3435.91,-9.7,SL,0.01,BEAR_LIQSWEEP,1,LiqSweep|Premium,RNG_W,ranging,ASIAN,0.37,6.5,False,False,True,0.0,50.2,NEUTRAL,PREMIUM
2,SHORT,3488.94,2025-09-02T09:00:00+00:00,3490.24,2025-09-02T14:45:00+00:00,3509.0,3440.8,-1.3,SL,0.01,BEAR_LIQSWEEP,2,LiqSweep|M15|Premium,RNG_W,ranging,LONDON,0.42,8.0,True,False,True,10.6,61.0,NEUTRAL,PREMIUM
3,SHORT,3488.39,2025-09-02T14:45:00+00:00,3489.69,2025-09-02T16:30:00+00:00,3513.71,3427.62,-1.3,SL,0.01,BEAR_LIQSWEEP,1,LiqSweep|Premium,RNG_W,ranging,OVERLAP,0.37,10.1,True,False,False,10.3,61.1,NEUTRAL,PREMIUM
4,SHORT,3487.81,2025-09-02T16:30:00+00:00,3504.05,2025-09-02T18:15:00+00:00,3517.29,3417.05,-16.2,SL,0.01,BEAR_LIQSWEEP,1,LiqSweep|Premium,RNG_W,ranging,NEW_YORK,0.37,11.8,False,False,True,0.0,57.1,NEUTRAL,PREMIUM
5,LONG,3547.81,2025-09-03T14:00:00+00:00,3555.0,2025-09-04T02:00:00+00:00,3522.61,3611.95,7.2,SL,0.01,BOS_BULL,2,BOS|M15,WK_UP,trending,OVERLAP,0.42,9.2,True,False,True,29.0,60.5,BULLISH,PREMIUM
6,LONG,3553.81,2025-09-04T04:15:00+00:00,3523.74,2025-09-04T06:00:00+00:00,3525.24,3626.54,-30.1,SL,0.01,BOS_BULL,1,BOS,WK_UP,trending,ASIAN,0.42,10.4,False,False,False,0.0,54.5,BULLISH,PREMIUM
7,SHORT,3527.63,2025-09-04T06:45:00+00:00,3545.8,2025-09-04T11:00:00+00:00,3560.98,3442.73,-18.2,SL,0.01,BEAR_FVG,2,FVG|M15|Premium,WK_DN,trending,ASIAN,0.37,12.1,False,False,True,0.0,36.1,NEUTRAL,PREMIUM
8,SHORT,3542.81,2025-09-04T11:00:00+00:00,3552.6,2025-09-04T16:30:00+00:00,3575.34,3460.02,-9.8,SCRATCH,0.01,BEAR_FVG,2,FVG|LiqSweep|Premium,WK_UP,trending,LONDON,0.37,11.8,False,False,True,2.6,28.4,NEUTRAL,PREMIUM
9,SHORT,3545.51,2025-09-05T11:00:00+00:00,3557.01,2025-09-05T15:30:00+00:00,3565.51,3494.59,-11.5,SL,0.01,BEAR_FVG,2,FVG|OB|Premium,WK_UP,trending,LONDON,0.42,7.3,False,False,True,0.0,53.2,NEUTRAL,PREMIUM
10,LONG,3595.88,2025-09-08T09:00:00+00:00,3654.49,2025-09-09T07:45:00+00:00,3572.27,3655.99,58.6,TP,0.01,BULL_FVG,2,FVG|M15,WK_UP,trending,LONDON,0.47,8.6,True,True,False,57.7,55.6,BULLISH,PREMIUM
11,LONG,3645.04,2025-09-09T09:00:00+00:00,3643.74,2025-09-09T15:30:00+00:00,3621.65,3704.57,-1.3,SL,0.01,BOS_BULL,1,BOS,WK_UP,trending,LONDON,0.42,8.5,True,False,True,8.9,57.4,BULLISH,PREMIUM
12,LONG,3648.17,2025-09-09T15:30:00+00:00,3651.63,2025-09-09T17:00:00+00:00,3621.33,3716.49,3.5,SL,0.01,BOS_BULL,1,BOS,STR_UP,trending,OVERLAP,0.37,9.8,True,False,False,16.5,66.3,BULLISH,PREMIUM
13,LONG,3653.25,2025-09-09T17:00:00+00:00,3633.9,2025-09-09T22:00:00+00:00,3617.55,3744.12,-19.3,SL,0.01,BOS_BULL,1,BOS,STR_UP,trending,NEW_YORK,0.42,13.0,False,False,True,0.0,53.8,BULLISH,PREMIUM
14,LONG,3633.64,2025-09-09T23:15:00+00:00,3632.05,2025-09-10T02:45:00+00:00,3603.47,3706.05,-1.6,SCRATCH,0.01,BULL_LIQSWEEP,2,LiqSweep|M15,RNG_W,ranging,ASIAN,0.37,12.1,False,False,True,3.9,36.4,NEUTRAL,EQUILIBRIUM
15,SHORT,3632.05,2025-09-10T02:45:00+00:00,3636.07,2025-09-10T06:15:00+00:00,3663.3,3557.05,-4.0,SCRATCH,0.01,BEAR_FVG,2,FVG|M15|Premium,RNG_W,ranging,ASIAN,0.42,12.5,False,False,True,9.3,41.1,NEUTRAL,PREMIUM
16,SHORT,3633.07,2025-09-10T06:15:00+00:00,3651.96,2025-09-10T12:30:00+00:00,3667.85,3544.53,-18.9,SL,0.01,BEAR_FVG,1,FVG|Premium,WK_UP,trending,ASIAN,0.37,12.6,False,False,True,0.0,44.1,NEUTRAL,PREMIUM
17,LONG,3652.53,2025-09-10T12:30:00+00:00,3646.44,2025-09-10T18:00:00+00:00,3628.13,3714.65,-6.1,SCRATCH,0.01,BULL_OB,2,OB|M15,WK_UP,trending,OVERLAP,0.42,8.9,False,False,True,1.3,61.2,BULLISH,PREMIUM
18,LONG,3649.44,2025-09-10T18:00:00+00:00,3636.23,2025-09-10T22:30:00+00:00,3626.01,3709.08,-13.2,SL,0.01,BULL_OB,1,OB,WK_UP,trending,NEW_YORK,0.42,8.5,False,False,True,0.0,63.7,BULLISH,EQUILIBRIUM
19,LONG,3641.19,2025-09-10T23:15:00+00:00,3639.61,2025-09-11T04:45:00+00:00,3617.19,3702.27,-1.6,SCRATCH,0.01,BULL_OB,1,OB|Discount,WK_UP,trending,ASIAN,0.37,8.7,False,False,True,5.8,46.8,NEUTRAL,DISCOUNT
20,LONG,3643.68,2025-09-11T05:00:00+00:00,3631.44,2025-09-11T06:45:00+00:00,3622.19,3695.26,-12.2,SL,0.01,BULL_LIQSWEEP,1,LiqSweep|Discount,RNG_T,ranging,ASIAN,0.37,8.6,False,False,True,0.0,36.8,NEUTRAL,DISCOUNT
21,LONG,3633.47,2025-09-11T06:45:00+00:00,3622.08,2025-09-11T08:45:00+00:00,3613.7,3680.92,-11.4,SL,0.01,BULL_OB,3,OB|LiqSweep|OTE|Discount,RNG_W,ranging,ASIAN,0.47,7.9,False,False,True,0.0,36.7,NEUTRAL,DISCOUNT
22,SHORT,3631.07,2025-09-11T09:00:00+00:00,3632.37,2025-09-11T15:30:00+00:00,3650.14,3585.29,-1.3,SL,0.01,BOS_BEAR,1,BOS,RNG_W,ranging,LONDON,0.37,7.6,True,False,True,13.8,38.1,BEARISH,DISCOUNT
23,SHORT,3635.65,2025-09-11T15:30:00+00:00,3636.95,2025-09-11T17:15:00+00:00,3662.56,3567.14,-1.3,SL,0.01,BOS_BEAR,1,BOS,STR_DN,trending,OVERLAP,0.42,9.8,True,False,False,12.7,41.2,BEARISH,DISCOUNT
24,SHORT,3633.48,2025-09-11T17:15:00+00:00,3638.52,2025-09-11T22:45:00+00:00,3664.14,3555.42,-5.0,SCRATCH,0.01,BOS_BEAR,1,BOS,STR_DN,trending,NEW_YORK,0.37,11.2,False,False,True,5.0,37.5,BEARISH,DISCOUNT
25,LONG,3637.43,2025-09-11T23:00:00+00:00,3633.49,2025-09-12T02:30:00+00:00,3612.28,3697.79,-3.9,SCRATCH,0.01,BULL_LIQSWEEP,1,LiqSweep|Discount,RNG_W,ranging,ASIAN,0.37,10.1,False,False,True,0.0,50.7,NEUTRAL,DISCOUNT
26,LONG,3644.38,2025-09-12T04:00:00+00:00,3653.17,2025-09-12T07:30:00+00:00,3620.08,3702.7,8.8,SCRATCH,0.01,BOS_BULL,3,BOS|CHoCH|M15,RNG_W,ranging,ASIAN,0.4,9.7,False,False,True,8.8,71.9,NEUTRAL,PREMIUM
27,LONG,3652.34,2025-09-12T09:15:00+00:00,3642.36,2025-09-12T11:30:00+00:00,3635.38,3695.5,-10.0,SL,0.01,BULL_FVG,3,FVG|BOS|CHoCH,WK_UP,trending,LONDON,0.47,6.2,False,False,True,0.0,68.9,BULLISH,PREMIUM
28,LONG,3646.53,2025-09-12T11:30:00+00:00,3650.62,2025-09-12T17:00:00+00:00,3628.8,3691.66,4.1,SCRATCH,0.01,BULL_FVG,3,FVG|BOS|CHoCH,WK_UP,trending,LONDON,0.52,6.4,False,False,True,4.1,55.8,BULLISH,PREMIUM
29,LONG,3651.42,2025-09-12T17:30:00+00:00,3639.74,2025-09-12T23:30:00+00:00,3631.07,3703.22,-11.7,SL,0.01,BULL_FVG,2,FVG|BOS,WK_UP,trending,NEW_YORK,0.42,7.4,False,False,True,0.0,60.3,BULLISH,PREMIUM
30,SHORT,3640.66,2025-09-12T23:30:00+00:00,3645.29,2025-09-15T01:00:00+00:00,3657.32,3600.69,-4.6,SCRATCH,0.01,BEAR_LIQSWEEP,2,LiqSweep|M15|Premium,RNG_T,ranging,ASIAN,0.42,6.7,False,False,False,0.0,41.7,NEUTRAL,PREMIUM
31,SHORT,3642.29,2025-09-15T01:00:00+00:00,3643.59,2025-09-15T05:15:00+00:00,3659.02,3602.14,-1.3,SL,0.01,BEAR_LIQSWEEP,1,LiqSweep|Premium,RNG_T,ranging,ASIAN,0.37,6.7,True,False,True,12.1,43.3,NEUTRAL,PREMIUM
32,SHORT,3641.53,2025-09-15T05:15:00+00:00,3645.3,2025-09-15T08:45:00+00:00,3658.83,3600.01,-3.8,SCRATCH,0.01,BEAR_LIQSWEEP,2,LiqSweep|BOS|Premium,RNG_W,ranging,ASIAN,0.42,6.9,False,False,True,0.0,42.7,NEUTRAL,PREMIUM
33,SHORT,3642.3,2025-09-15T08:45:00+00:00,3641.91,2025-09-15T12:15:00+00:00,3657.23,3606.47,0.4,SCRATCH,0.01,BEAR_LIQSWEEP,2,LiqSweep|BOS|Premium,RNG_W,ranging,LONDON,0.42,6.0,False,False,True,4.7,44.6,NEUTRAL,PREMIUM
34,SHORT,3638.91,2025-09-15T12:15:00+00:00,3649.16,2025-09-15T15:45:00+00:00,3656.4,3596.93,-10.2,SL,0.01,BOS_BEAR,3,BOS|LiqSweep|M15|Premium,RNG_W,ranging,OVERLAP,0.47,7.0,False,False,True,0.0,42.9,NEUTRAL,PREMIUM
35,SHORT,3648.86,2025-09-15T15:45:00+00:00,3661.28,2025-09-15T18:00:00+00:00,3670.71,3593.24,-12.4,SL,0.01,BEAR_LIQSWEEP,1,LiqSweep|Premium,WK_UP,trending,OVERLAP,0.37,7.9,False,False,True,0.0,57.3,NEUTRAL,PREMIUM
36,LONG,3688.8,2025-09-16T19:00:00+00:00,3689.92,2025-09-17T01:00:00+00:00,3664.11,3751.65,1.1,SCRATCH,0.01,BOS_BULL,1,BOS,STR_UP,trending,NEW_YORK,0.42,9.0,False,False,True,3.3,58.1,BULLISH,PREMIUM
37,LONG,3679.22,2025-09-17T04:30:00+00:00,3669.76,2025-09-17T10:00:00+00:00,3657.37,3734.84,-9.5,SCRATCH,0.01,BULL_LIQSWEEP,1,LiqSweep,WK_UP,trending,ASIAN,0.42,7.9,False,False,True,2.8,37.9,BULLISH,PREMIUM
38,LONG,3676.17,2025-09-17T15:30:00+00:00,3684.37,2025-09-17T19:00:00+00:00,3655.82,3725.01,8.2,SCRATCH,0.01,BULL_LIQSWEEP,3,LiqSweep|OB|M15,RNG_W,ranging,OVERLAP,0.37,8.1,False,False,True,8.2,39.6,NEUTRAL,PREMIUM
39,LONG,3687.37,2025-09-17T19:00:00+00:00,3664.48,2025-09-17T21:00:00+00:00,3665.98,3741.82,-22.9,SL,0.01,BULL_LIQSWEEP,2,LiqSweep|M15,WK_UP,trending,NEW_YORK,0.47,7.8,False,False,False,0.0,52.6,BULLISH,PREMIUM
40,SHORT,3680.92,2025-09-17T21:15:00+00:00,3669.74,2025-09-18T12:00:00+00:00,3715.02,3594.11,11.2,SL,0.01,BEAR_OB,5,OB|FVG|LiqSweep|BOS|M15,WK_UP,trending,LATE_NY,0.42,12.4,True,False,False,42.3,32.6,NEUTRAL,DISCOUNT
41,SHORT,3644.26,2025-09-18T23:00:00+00:00,3647.74,2025-09-19T04:30:00+00:00,3672.5,3572.37,-3.5,SCRATCH,0.01,BOS_BEAR,2,BOS|FVG,WK_DN,trending,ASIAN,0.47,10.3,False,False,True,4.7,53.9,BEARISH,DISCOUNT
42,SHORT,3645.66,2025-09-19T06:00:00+00:00,3660.2,2025-09-19T08:15:00+00:00,3671.73,3579.29,-14.5,SL,0.01,BEAR_FVG,1,FVG,WK_DN,trending,ASIAN,0.42,9.5,False,False,True,0.0,42.4,BEARISH,DISCOUNT
43,SHORT,3657.05,2025-09-19T08:15:00+00:00,3658.35,2025-09-19T10:45:00+00:00,3676.78,3606.84,-1.3,SL,0.01,BEAR_FVG,3,FVG|OB|OTE,WK_DN,trending,LONDON,0.52,7.2,True,False,False,8.5,64.1,BEARISH,DISCOUNT
44,SHORT,3652.56,2025-09-19T10:45:00+00:00,3652.4,2025-09-19T14:15:00+00:00,3672.67,3604.31,0.2,SCRATCH,0.01,BEAR_FVG,2,FVG|OB,RNG_T,ranging,LONDON,0.47,8.0,False,False,True,0.2,57.1,BEARISH,DISCOUNT
45,LONG,3652.4,2025-09-19T14:15:00+00:00,3711.46,2025-09-22T09:30:00+00:00,3628.61,3712.96,59.1,TP,0.01,BULL_OB,2,OB|LiqSweep|Discount,WK_DN,trending,OVERLAP,0.42,8.7,True,True,True,52.3,53.6,NEUTRAL,DISCOUNT
46,LONG,3756.54,2025-09-23T11:00:00+00:00,3763.75,2025-09-23T19:30:00+00:00,3730.02,3824.04,7.2,SL,0.01,BULL_OB,2,OB|BOS,WK_UP,trending,LONDON,0.42,9.6,True,False,False,30.2,68.6,BULLISH,PREMIUM
47,LONG,3780.84,2025-09-23T19:45:00+00:00,3763.32,2025-09-23T22:00:00+00:00,3748.8,3862.4,-17.5,SL,0.01,BULL_FVG,2,FVG|M15,STR_UP,trending,NEW_YORK,0.37,11.7,False,False,True,0.0,78.2,BULLISH,PREMIUM
48,LONG,3766.73,2025-09-23T23:00:00+00:00,3758.57,2025-09-24T04:30:00+00:00,3730.33,3859.38,-8.2,SCRATCH,0.01,BULL_FVG,2,FVG|BOS,STR_UP,trending,ASIAN,0.47,13.2,False,False,True,1.3,56.3,BULLISH,PREMIUM
49,LONG,3761.57,2025-09-24T04:30:00+00:00,3769.11,2025-09-24T08:00:00+00:00,3731.56,3833.6,7.5,SCRATCH,0.01,BULL_FVG,3,FVG|BOS|OB,RNG_W,ranging,ASIAN,0.47,12.0,False,False,True,7.5,28.0,BULLISH,PREMIUM
50,LONG,3772.11,2025-09-24T08:00:00+00:00,3763.81,2025-09-24T14:15:00+00:00,3741.36,3850.39,-8.3,SCRATCH,0.01,BULL_FVG,2,FVG|M15,WK_UP,trending,LONDON,0.47,11.2,False,False,True,3.9,50.6,BULLISH,PREMIUM
51,LONG,3766.81,2025-09-24T14:15:00+00:00,3752.76,2025-09-24T17:15:00+00:00,3741.71,3830.69,-14.0,SL,0.01,BULL_FVG,2,FVG|M15,WK_UP,trending,OVERLAP,0.47,9.1,False,False,True,3.3,53.9,BULLISH,PREMIUM
52,SHORT,3757.29,2025-09-24T17:15:00+00:00,3732.66,2025-09-24T22:45:00+00:00,3782.96,3695.67,24.6,SL,0.01,BEAR_LIQSWEEP,2,LiqSweep|OB|Premium,RNG_W,ranging,NEW_YORK,0.42,10.3,True,False,False,37.3,41.8,NEUTRAL,PREMIUM
53,SHORT,3738.13,2025-09-25T01:00:00+00:00,3740.59,2025-09-25T06:30:00+00:00,3768.14,3661.73,-2.5,SCRATCH,0.01,BEAR_FVG,1,FVG,WK_DN,trending,ASIAN,0.37,10.9,False,False,True,3.8,28.3,BEARISH,DISCOUNT
54,SHORT,3737.59,2025-09-25T06:30:00+00:00,3754.74,2025-09-25T10:45:00+00:00,3768.88,3657.94,-17.1,SL,0.01,BEAR_FVG,1,FVG,STR_DN,trending,ASIAN,0.37,11.4,False,False,True,3.6,32.2,BEARISH,DISCOUNT
55,LONG,3753.83,2025-09-25T10:45:00+00:00,3748.32,2025-09-25T14:15:00+00:00,3728.48,3814.66,-5.5,SCRATCH,0.01,BULL_LIQSWEEP,3,LiqSweep|BOS|M15|Discount,RNG_W,ranging,LONDON,0.42,10.1,False,False,True,2.2,61.5,NEUTRAL,DISCOUNT
56,LONG,3751.32,2025-09-25T14:15:00+00:00,3735.53,2025-09-25T16:30:00+00:00,3722.74,3824.08,-15.8,SL,0.01,BULL_LIQSWEEP,2,LiqSweep|BOS|Discount,WK_UP,trending,OVERLAP,0.37,10.4,False,False,True,1.7,65.0,NEUTRAL,DISCOUNT
57,LONG,3727.93,2025-09-25T16:30:00+00:00,3734.26,2025-09-26T06:00:00+00:00,3692.85,3817.24,6.3,SL,0.01,BULL_LIQSWEEP,2,LiqSweep|FVG|Discount,WK_DN,trending,NEW_YORK,0.42,12.8,True,False,True,26.1,43.4,NEUTRAL,DISCOUNT
58,LONG,3736.83,2025-09-26T06:00:00+00:00,3819.05,2025-09-29T14:15:00+00:00,3703.94,3820.55,82.2,TP,0.01,BULL_FVG,3,FVG|LiqSweep|OTE|Discount,STR_DN,trending,ASIAN,0.47,12.0,True,True,True,80.7,54.6,NEUTRAL,DISCOUNT
59,SHORT,3814.77,2025-09-30T15:00:00+00:00,3835.75,2025-09-30T17:00:00+00:00,3853.73,3721.27,-21.0,SL,0.01,BEAR_FVG,1,FVG|Premium,RNG_W,ranging,OVERLAP,0.37,15.6,False,False,True,2.4,45.7,NEUTRAL,PREMIUM
60,LONG,3845.32,2025-09-30T17:00:00+00:00,3853.63,2025-09-30T22:30:00+00:00,3795.11,3973.12,8.3,SCRATCH,0.01,BULL_FVG,2,FVG|M15,WK_UP,trending,NEW_YORK,0.47,18.3,False,False,True,8.3,54.8,BULLISH,PREMIUM
61,LONG,3854.63,2025-09-30T23:00:00+00:00,3858.3,2025-10-01T01:00:00+00:00,3795.66,3954.43,3.7,SCRATCH,0.01,BULL_FVG,1,FVG,VOL_BK,breakout,ASIAN,0.42,18.1,False,False,False,3.7,50.8,BULLISH,PREMIUM
62,LONG,3861.3,2025-10-01T01:00:00+00:00,3863.63,2025-10-01T03:00:00+00:00,3805.36,3955.96,2.3,SCRATCH,0.01,BULL_FVG,1,FVG,VOL_BK,breakout,ASIAN,0.42,17.2,False,False,True,2.3,55.7,BULLISH,PREMIUM
63,LONG,3866.63,2025-10-01T03:00:00+00:00,3861.45,2025-10-01T08:30:00+00:00,3830.69,3958.12,-5.2,SCRATCH,0.01,BULL_FVG,2,FVG|M15,STR_UP,trending,ASIAN,0.37,13.1,False,False,True,0.8,80.4,BULLISH,PREMIUM
64,LONG,3864.45,2025-10-01T08:30:00+00:00,3871.32,2025-10-01T15:30:00+00:00,3836.7,3935.1,6.9,SL,0.01,BULL_FVG,1,FVG,WK_UP,trending,LONDON,0.42,10.1,True,False,True,27.9,57.1,BULLISH,PREMIUM
65,LONG,3876.77,2025-10-01T15:30:00+00:00,3859.16,2025-10-01T17:45:00+00:00,3844.55,3958.77,-17.6,SL,0.01,BULL_FVG,1,FVG,WK_UP,trending,OVERLAP,0.42,11.7,False,False,True,0.0,56.1,BULLISH,PREMIUM
66,LONG,3874.56,2025-10-01T17:45:00+00:00,3854.45,2025-10-01T21:00:00+00:00,3837.34,3969.29,-20.1,SL,0.01,BULL_FVG,1,FVG,STR_UP,trending,NEW_YORK,0.42,13.5,False,False,True,0.0,57.5,BULLISH,PREMIUM
67,LONG,3861.36,2025-10-01T21:00:00+00:00,3859.43,2025-10-02T02:30:00+00:00,3822.81,3959.5,-1.9,SCRATCH,0.01,BULL_FVG,1,FVG,WK_UP,trending,LATE_NY,0.42,14.0,False,False,True,6.3,48.3,BULLISH,PREMIUM
68,LONG,3862.43,2025-10-02T02:30:00+00:00,3866.61,2025-10-02T08:00:00+00:00,3827.51,3951.32,4.2,SCRATCH,0.01,BULL_OB,2,OB|FVG,WK_UP,trending,ASIAN,0.37,12.7,False,False,True,6.0,23.7,BULLISH,PREMIUM
69,LONG,3869.61,2025-10-02T08:00:00+00:00,3874.95,2025-10-02T16:45:00+00:00,3842.86,3937.7,5.3,SL,0.01,BULL_FVG,3,FVG|OB|M15,WK_UP,trending,LONDON,0.52,9.7,True,False,True,22.8,45.2,BULLISH,PREMIUM
70,LONG,3876.53,2025-10-02T16:45:00+00:00,3847.14,2025-10-02T17:30:00+00:00,3848.64,3947.52,-29.4,SL,0.01,BULL_FVG,1,FVG,WK_UP,trending,NEW_YORK,0.42,10.1,False,False,False,0.0,59.5,BULLISH,PREMIUM
71,SHORT,3836.6,2025-10-02T19:00:00+00:00,3858.59,2025-10-02T22:00:00+00:00,3877.58,3732.28,-22.0,SL,0.01,BEAR_FVG,1,FVG,WK_DN,trending,NEW_YORK,0.42,14.9,False,False,True,0.0,40.1,BEARISH,DISCOUNT
72,SHORT,3855.71,2025-10-02T23:00:00+00:00,3854.74,2025-10-03T01:00:00+00:00,3903.97,3774.04,1.0,SCRATCH,0.01,BEAR_FVG,2,FVG|BOS,VOL_BK,breakout,ASIAN,0.47,14.8,False,False,False,1.0,46.4,BEARISH,DISCOUNT
73,SHORT,3851.74,2025-10-03T01:00:00+00:00,3860.2,2025-10-03T03:15:00+00:00,3898.51,3772.6,-8.5,SCRATCH,0.01,BEAR_FVG,2,FVG|BOS,VOL_BK,breakout,ASIAN,0.47,14.4,False,False,True,0.0,44.6,BEARISH,DISCOUNT
74,LONG,3905.97,2025-10-06T03:00:00+00:00,3992.87,2025-10-08T02:45:00+00:00,3871.24,3994.37,86.9,TP,0.01,BULL_FVG,1,FVG,STR_UP,trending,ASIAN,0.37,12.6,True,True,False,83.2,71.6,BULLISH,PREMIUM
75,LONG,3995.81,2025-10-08T02:45:00+00:00,4020.3,2025-10-09T01:00:00+00:00,3961.43,4083.34,24.5,SL,0.01,BOS_BULL,2,BOS|M15,WK_UP,trending,ASIAN,0.37,12.5,True,True,True,60.8,75.5,BULLISH,PREMIUM
76,SHORT,4018.81,2025-10-09T06:00:00+00:00,4027.57,2025-10-09T09:45:00+00:00,4073.16,3928.22,-8.8,SCRATCH,0.01,BEAR_FVG,3,FVG|BOS|CHoCH|Premium,REVRS,reversal,ASIAN,0.55,18.1,False,False,True,0.0,43.1,BULLISH,PREMIUM
77,LONG,4027.57,2025-10-09T09:45:00+00:00,4026.27,2025-10-09T16:45:00+00:00,3979.36,4150.29,-1.3,SL,0.01,BULL_FVG,2,FVG|LiqSweep,STR_UP,trending,LONDON,0.47,17.5,True,False,True,26.8,40.8,BULLISH,PREMIUM
78,SHORT,4016.18,2025-10-09T16:45:00+00:00,3972.82,2025-10-09T22:00:00+00:00,4056.12,3920.33,43.4,SL,0.01,BEAR_FVG,2,FVG|M15|Premium,RNG_W,ranging,NEW_YORK,0.42,16.0,True,True,True,64.1,52.6,NEUTRAL,PREMIUM
79,SHORT,3983.31,2025-10-10T04:00:00+00:00,3984.61,2025-10-10T11:00:00+00:00,4059.03,3855.18,-1.3,SL,0.01,BEAR_FVG,1,FVG,VOL_BK,breakout,ASIAN,0.37,23.3,True,False,True,33.8,30.7,BEARISH,DISCOUNT
80,LONG,4064.6,2025-10-13T08:00:00+00:00,4072.51,2025-10-13T14:45:00+00:00,4000.97,4226.58,7.9,SCRATCH,0.01,BOS_BULL,2,BOS|M15,STR_UP,trending,LONDON,0.37,23.1,False,False,True,15.9,78.8,BULLISH,PREMIUM
81,LONG,4113.89,2025-10-14T10:00:00+00:00,4112.59,2025-10-14T15:30:00+00:00,4054.66,4264.66,-1.3,SL,0.01,BOS_BULL,1,BOS,STR_UP,trending,LONDON,0.42,21.5,True,False,False,29.0,57.2,BULLISH,PREMIUM
82,LONG,4114.75,2025-10-14T16:00:00+00:00,4293.3,2025-10-16T20:15:00+00:00,4044.02,4294.8,178.6,TP,0.01,BOS_BULL,1,BOS,STR_UP,trending,NEW_YORK,0.42,25.7,True,True,True,173.4,49.0,BULLISH,PREMIUM
83,LONG,4286.48,2025-10-16T21:00:00+00:00,4324.87,2025-10-17T04:15:00+00:00,4233.83,4420.49,38.4,SL,0.01,BULL_FVG,1,FVG,STR_UP,trending,LATE_NY,0.37,19.1,True,True,False,80.5,71.4,BULLISH,PREMIUM
84,SHORT,4242.51,2025-10-20T09:00:00+00:00,4282.6,2025-10-20T15:00:00+00:00,4319.68,4046.07,-40.1,SL,0.01,BEAR_FVG,2,FVG|LiqSweep,WK_DN,trending,LONDON,0.47,28.1,False,False,True,14.3,49.7,BEARISH,DISCOUNT
85,LONG,4282.78,2025-10-20T15:00:00+00:00,4293.06,2025-10-20T17:00:00+00:00,4216.32,4451.96,10.3,SL,0.01,BULL_LIQSWEEP,2,LiqSweep|M15,WK_UP,trending,OVERLAP,0.42,24.2,True,False,False,39.3,68.0,BULLISH,PREMIUM
86,LONG,4347.4,2025-10-20T19:00:00+00:00,4346.1,2025-10-20T23:15:00+00:00,4283.32,4510.51,-1.3,SL,0.01,BULL_FVG,1,FVG,WK_UP,trending,NEW_YORK,0.37,23.3,True,False,True,29.1,71.7,BULLISH,PREMIUM
87,LONG,4363.35,2025-10-21T01:00:00+00:00,4328.85,2025-10-21T08:15:00+00:00,4297.36,4531.32,-34.5,SL,0.01,BULL_FVG,2,FVG|M15,WK_UP,trending,ASIAN,0.37,24.0,False,False,True,7.0,76.0,BULLISH,PREMIUM
88,LONG,4334.69,2025-10-21T08:15:00+00:00,4305.51,2025-10-21T10:30:00+00:00,4279.34,4475.58,-29.2,SL,0.01,BULL_FVG,1,FVG,WK_UP,trending,LONDON,0.42,20.1,False,False,True,7.0,47.1,BULLISH,PREMIUM
89,LONG,4246.12,2025-10-21T11:00:00+00:00,4244.82,2025-10-21T14:45:00+00:00,4173.24,4431.62,-1.3,SL,0.01,BULL_OB,2,OB|FVG|Discount,WK_DN,trending,LONDON,0.42,26.5,True,False,False,26.3,33.9,NEUTRAL,DISCOUNT
90,SHORT,4224.13,2025-10-21T15:00:00+00:00,4225.43,2025-10-21T16:30:00+00:00,4301.08,4028.26,-1.3,SL,0.01,CHOCH_BEAR,2,CHoCH|M15,WK_DN,trending,OVERLAP,0.37,28.0,True,False,False,25.3,15.7,BEARISH,DISCOUNT
91,SHORT,4063.2,2025-10-22T17:00:00+00:00,4064.5,2025-10-22T19:30:00+00:00,4178.75,3769.08,-1.3,SL,0.01,BEAR_FVG,1,FVG,STR_DN,trending,NEW_YORK,0.42,42.0,True,False,False,46.5,40.6,BEARISH,DISCOUNT
92,SHORT,4049.36,2025-10-22T19:30:00+00:00,4107.28,2025-10-22T22:30:00+00:00,4162.21,3762.1,-57.9,SL,0.01,BEAR_FVG,1,FVG,STR_DN,trending,NEW_YORK,0.42,41.0,False,False,True,0.0,41.3,BEARISH,DISCOUNT
93,SHORT,4103.31,2025-10-22T23:00:00+00:00,4096.99,2025-10-23T06:15:00+00:00,4212.43,3825.56,6.3,SCRATCH,0.01,BEAR_FVG,1,FVG,STR_DN,trending,ASIAN,0.42,39.7,False,False,True,28.5,41.2,BEARISH,DISCOUNT
94,SHORT,4093.99,2025-10-23T06:15:00+00:00,4137.17,2025-10-23T09:00:00+00:00,4177.36,3881.78,-43.2,SL,0.01,BEAR_FVG,1,FVG,WK_DN,trending,ASIAN,0.42,30.3,False,False,True,7.9,61.7,BEARISH,DISCOUNT
95,SHORT,4128.82,2025-10-23T09:00:00+00:00,4130.12,2025-10-23T15:45:00+00:00,4189.71,3982.67,-1.3,SL,0.01,BEAR_OB,2,OB|FVG,RNG_T,ranging,LONDON,0.37,24.4,True,False,True,33.1,76.3,BEARISH,DISCOUNT
96,SHORT,4125.83,2025-10-23T15:45:00+00:00,4130.02,2025-10-23T19:30:00+00:00,4181.77,3991.58,-4.2,SCRATCH,0.01,BEAR_FVG,3,FVG|OB|OTE,RNG_T,ranging,OVERLAP,0.52,22.4,False,False,True,0.0,58.1,BEARISH,DISCOUNT
97,LONG,4130.02,2025-10-23T19:30:00+00:00,4125.31,2025-10-24T01:00:00+00:00,4070.1,4282.55,-4.7,SCRATCH,0.01,BULL_FVG,1,FVG,WK_UP,trending,NEW_YORK,0.37,21.8,False,False,True,11.3,66.4,BULLISH,PREMIUM
98,LONG,4128.31,2025-10-24T01:00:00+00:00,4124.22,2025-10-24T04:30:00+00:00,4079.66,4245.08,-4.1,SCRATCH,0.01,BULL_FVG,1,FVG,RNG_T,ranging,ASIAN,0.42,19.5,False,False,True,13.4,57.7,BULLISH,PREMIUM
99,LONG,4127.22,2025-10-24T04:30:00+00:00,4098.7,2025-10-24T09:00:00+00:00,4073.18,4264.77,-28.5,SL,0.01,BULL_FVG,1,FVG,WK_UP,trending,ASIAN,0.42,19.7,False,False,True,0.0,53.8,BULLISH,PREMIUM
100,SHORT,4093.45,2025-10-24T10:00:00+00:00,4083.68,2025-10-24T15:30:00+00:00,4144.84,3962.65,9.8,SL,0.01,BEAR_FVG,1,FVG,WK_DN,trending,LONDON,0.37,18.7,True,False,False,38.3,29.4,BEARISH,DISCOUNT
101,SHORT,4110.65,2025-10-24T16:00:00+00:00,4108.74,2025-10-24T21:30:00+00:00,4173.9,3949.64,1.9,SCRATCH,0.01,BEAR_LIQSWEEP,1,LiqSweep|Premium,WK_DN,trending,NEW_YORK,0.37,23.0,False,False,True,4.6,45.3,NEUTRAL,PREMIUM
102,LONG,4108.74,2025-10-24T21:30:00+00:00,4074.16,2025-10-27T01:00:00+00:00,4042.57,4277.17,-34.6,SL,0.01,BULL_FVG,2,FVG|M15,STR_UP,trending,LATE_NY,0.47,24.1,False,False,True,4.5,49.6,BULLISH,PREMIUM
103,LONG,4106.55,2025-10-27T01:00:00+00:00,4070.24,2025-10-27T03:15:00+00:00,4036.93,4283.77,-36.3,SL,0.01,BULL_FVG,1,FVG|Discount,STR_UP,trending,ASIAN,0.37,25.3,False,False,True,0.0,52.3,NEUTRAL,DISCOUNT
104,SHORT,4088.69,2025-10-27T04:00:00+00:00,3908.89,2025-10-28T11:30:00+00:00,4159.92,3907.39,179.8,TP,0.01,BEAR_FVG,1,FVG,WK_DN,trending,ASIAN,0.42,25.9,True,True,True,172.4,57.5,BEARISH,DISCOUNT
105,SHORT,3961.91,2025-10-28T19:00:00+00:00,3963.21,2025-10-29T02:45:00+00:00,4028.91,3791.35,-1.3,SL,0.01,BEAR_FVG,1,FVG,STR_DN,trending,NEW_YORK,0.42,24.4,True,False,True,26.5,43.8,BEARISH,DISCOUNT
106,SHORT,3963.55,2025-10-29T02:45:00+00:00,3959.19,2025-10-29T08:15:00+00:00,4026.55,3803.18,4.4,SCRATCH,0.01,BEAR_FVG,2,FVG|BOS,WK_DN,trending,ASIAN,0.47,22.9,False,False,True,10.1,69.7,BEARISH,DISCOUNT
107,SHORT,3956.19,2025-10-29T08:15:00+00:00,3985.6,2025-10-29T10:30:00+00:00,4012.01,3814.11,-29.4,SL,0.01,BEAR_FVG,1,FVG,WK_DN,trending,LONDON,0.42,20.3,False,False,True,0.0,54.5,BEARISH,DISCOUNT
108,SHORT,3993.51,2025-10-29T10:30:00+00:00,4024.32,2025-10-29T12:45:00+00:00,4052.13,3844.3,-30.8,SL,0.01,BEAR_FVG,2,FVG|M15|Premium,WK_UP,trending,LONDON,0.42,21.3,False,False,True,0.0,63.5,NEUTRAL,PREMIUM
109,LONG,4019.79,2025-10-29T14:15:00+00:00,3988.62,2025-10-29T18:45:00+00:00,3960.46,4170.8,-31.2,SL,0.01,BULL_FVG,1,FVG,WK_UP,trending,OVERLAP,0.37,21.6,False,False,True,7.1,69.1,BULLISH,PREMIUM
110,LONG,3994.55,2025-10-29T18:45:00+00:00,3969.66,2025-10-29T21:30:00+00:00,3947.77,4106.83,-24.9,SL,0.01,BULL_FVG,1,FVG,RNG_W,ranging,NEW_YORK,0.42,18.7,False,False,True,2.5,56.6,BULLISH,PREMIUM
111,LONG,3970.81,2025-10-29T21:45:00+00:00,3943.38,2025-10-29T23:30:00+00:00,3918.96,4095.26,-27.4,SL,0.01,BULL_FVG,3,FVG|BOS|LiqSweep,RNG_W,ranging,LATE_NY,0.37,20.7,False,False,True,0.0,55.8,NEUTRAL,PREMIUM
112,SHORT,3977.46,2025-10-30T07:30:00+00:00,3978.55,2025-10-30T09:45:00+00:00,4068.53,3823.35,-1.1,SCRATCH,0.01,BEAR_FVG,2,FVG|LiqSweep|Premium,VOL_BK,breakout,LONDON,0.37,28.0,False,False,True,25.5,39.5,NEUTRAL,PREMIUM
113,SHORT,3975.55,2025-10-30T09:45:00+00:00,3977.95,2025-10-30T11:45:00+00:00,4070.04,3815.65,-2.4,SCRATCH,0.01,BEAR_FVG,2,FVG|LiqSweep|Premium,VOL_BK,breakout,LONDON,0.42,29.1,False,False,True,12.7,45.9,NEUTRAL,PREMIUM
114,SHORT,3974.95,2025-10-30T11:45:00+00:00,4018.07,2025-10-30T20:45:00+00:00,4058.19,3763.06,-43.1,SL,0.01,BEAR_FVG,2,FVG|LiqSweep|Premium,WK_UP,trending,LONDON,0.42,30.3,False,False,True,12.1,45.8,NEUTRAL,PREMIUM
115,LONG,3993.08,2025-10-31T07:00:00+00:00,4002.14,2025-10-31T19:00:00+00:00,3937.36,4134.92,9.1,SL,0.01,BULL_OB,1,OB,WK_UP,trending,LONDON,0.42,20.3,True,False,True,36.7,55.5,BULLISH,PREMIUM
116,LONG,3980.36,2025-10-31T19:00:00+00:00,3979.06,2025-11-03T01:30:00+00:00,3926.48,4117.5,-1.3,SL,0.01,BULL_OB,2,OB|OTE,WK_UP,trending,NEW_YORK,0.37,19.6,True,False,False,26.8,37.5,NEUTRAL,EQUILIBRIUM
117,SHORT,3967.0,2025-11-03T02:00:00+00:00,3993.0,2025-11-03T03:45:00+00:00,4016.0,3849.4,-26.0,SL,0.01,BOS_BEAR,2,BOS|M15,RNG_W,ranging,ASIAN,0.42,19.6,False,False,True,0.0,33.8,BEARISH,DISCOUNT
118,SHORT,3994.52,2025-11-03T03:45:00+00:00,4022.35,2025-11-03T09:00:00+00:00,4047.18,3868.15,-27.8,SL,0.01,BEAR_FVG,2,FVG|BOS|Premium,RNG_W,ranging,ASIAN,0.57,21.1,False,False,True,0.0,45.7,BEARISH,PREMIUM
119,SHORT,4001.58,2025-11-03T20:00:00+00:00,3999.29,2025-11-04T01:30:00+00:00,4045.76,3889.12,2.3,SCRATCH,0.01,BEAR_FVG,2,FVG|M15|Premium,WK_UP,trending,LATE_NY,0.42,16.1,False,False,True,11.6,51.4,NEUTRAL,PREMIUM
120,LONG,3999.29,2025-11-04T01:30:00+00:00,3977.84,2025-11-04T04:00:00+00:00,3959.4,4095.02,-21.4,SL,0.01,BULL_LIQSWEEP,1,LiqSweep|Discount,RNG_W,ranging,ASIAN,0.37,16.0,False,False,True,0.0,36.4,NEUTRAL,DISCOUNT
121,SHORT,3982.46,2025-11-04T04:15:00+00:00,3991.72,2025-11-04T14:15:00+00:00,4024.38,3875.75,-9.3,SCRATCH,0.01,BEAR_FVG,1,FVG,WK_DN,trending,ASIAN,0.37,15.2,False,False,True,7.8,33.7,BEARISH,DISCOUNT
122,SHORT,3988.72,2025-11-04T14:15:00+00:00,3962.21,2025-11-04T17:30:00+00:00,4028.38,3887.77,26.5,SL,0.01,BOS_BEAR,2,BOS|M15,WK_DN,trending,OVERLAP,0.47,14.4,True,True,False,56.0,40.6,BEARISH,DISCOUNT
123,SHORT,3962.1,2025-11-04T18:00:00+00:00,3954.72,2025-11-05T05:00:00+00:00,4011.23,3837.05,7.4,SL,0.01,BOS_BEAR,1,BOS,STR_DN,trending,NEW_YORK,0.42,17.9,True,False,True,29.6,42.0,BEARISH,DISCOUNT
124,SHORT,3951.52,2025-11-05T05:00:00+00:00,3983.43,2025-11-05T10:00:00+00:00,4012.34,3848.6,-31.9,SL,0.01,BEAR_FVG,1,FVG,VOL_BK,breakout,ASIAN,0.37,18.7,False,False,True,0.0,39.6,BEARISH,DISCOUNT
125,SHORT,3980.77,2025-11-05T10:00:00+00:00,3982.07,2025-11-05T16:00:00+00:00,4015.13,3898.3,-1.3,SL,0.01,BEAR_FVG,2,FVG|OTE,RNG_W,ranging,LONDON,0.37,13.7,True,False,False,21.0,63.7,NEUTRAL,EQUILIBRIUM
126,SHORT,3978.04,2025-11-05T16:00:00+00:00,3987.18,2025-11-05T22:15:00+00:00,4017.04,3878.76,-9.1,SCRATCH,0.01,BEAR_FVG,2,FVG|OTE,WK_DN,trending,NEW_YORK,0.47,14.2,False,False,True,6.0,69.4,BEARISH,DISCOUNT
127,LONG,3984.93,2025-11-05T23:00:00+00:00,3966.1,2025-11-06T03:00:00+00:00,3950.27,4073.14,-18.8,SL,0.01,BOS_BULL,1,BOS,WK_UP,trending,ASIAN,0.42,12.6,False,False,True,0.0,54.5,BULLISH,PREMIUM
128,SHORT,3978.74,2025-11-06T04:30:00+00:00,3988.48,2025-11-06T08:00:00+00:00,4008.32,3907.76,-9.7,SCRATCH,0.01,BEAR_LIQSWEEP,1,LiqSweep|Premium,RNG_T,ranging,ASIAN,0.37,11.8,False,False,True,0.0,63.9,NEUTRAL,PREMIUM
129,LONG,3988.48,2025-11-06T08:00:00+00:00,3987.18,2025-11-06T17:00:00+00:00,3963.76,4047.81,-1.3,SL,0.01,BOS_BULL,1,BOS,RNG_W,ranging,LONDON,0.37,9.9,True,False,False,28.3,62.4,BULLISH,PREMIUM
130,SHORT,3981.13,2025-11-06T17:00:00+00:00,3985.5,2025-11-06T22:30:00+00:00,4014.42,3896.4,-4.4,SCRATCH,0.01,BEAR_LIQSWEEP,2,LiqSweep|M15|Premium,WK_UP,trending,NEW_YORK,0.42,12.1,False,False,True,9.8,51.6,NEUTRAL,PREMIUM
131,SHORT,3979.15,2025-11-06T23:15:00+00:00,3996.52,2025-11-07T03:00:00+00:00,4010.9,3902.95,-17.4,SL,0.01,BEAR_LIQSWEEP,2,LiqSweep|M15|Premium,RNG_W,ranging,ASIAN,0.37,12.7,False,False,True,0.7,34.8,NEUTRAL,PREMIUM
132,SHORT,3997.45,2025-11-07T03:00:00+00:00,3997.03,2025-11-07T06:30:00+00:00,4032.04,3914.44,0.4,SCRATCH,0.01,BEAR_FVG,1,FVG|Premium,RNG_W,ranging,ASIAN,0.37,13.8,False,False,True,5.4,46.8,NEUTRAL,PREMIUM
133,LONG,3997.03,2025-11-07T06:30:00+00:00,3995.73,2025-11-07T13:30:00+00:00,3960.57,4089.83,-1.3,SL,0.01,BULL_FVG,1,FVG,STR_UP,trending,ASIAN,0.42,13.3,True,False,True,12.4,42.9,BULLISH,PREMIUM
134,SHORT,3989.45,2025-11-07T17:00:00+00:00,4024.27,2025-11-07T18:30:00+00:00,4022.77,3904.62,-34.8,SL,0.01,BEAR_LIQSWEEP,2,LiqSweep|FVG,WK_UP,trending,NEW_YORK,0.37,12.1,False,False,False,1.5,41.2,NEUTRAL,EQUILIBRIUM
135,SHORT,4019.42,2025-11-07T18:30:00+00:00,4020.72,2025-11-10T02:45:00+00:00,4057.82,3921.68,-1.3,SL,0.01,BEAR_LIQSWEEP,1,LiqSweep|Premium,WK_UP,trending,NEW_YORK,0.37,14.0,True,False,False,20.0,58.4,NEUTRAL,PREMIUM
136,LONG,4021.97,2025-11-10T02:45:00+00:00,4124.46,2025-11-11T02:30:00+00:00,3981.11,4125.96,102.5,TP,0.01,BOS_BULL,2,BOS|M15,STR_UP,trending,ASIAN,0.42,14.9,True,True,False,101.5,60.1,BULLISH,PREMIUM
137,LONG,4135.87,2025-11-11T14:45:00+00:00,4119.76,2025-11-11T17:00:00+00:00,4106.64,4210.27,-16.1,SL,0.01,BULL_FVG,1,FVG,WK_UP,trending,OVERLAP,0.37,10.6,False,False,True,5.3,63.2,BULLISH,PREMIUM
138,LONG,4122.54,2025-11-11T17:00:00+00:00,4128.03,2025-11-11T22:30:00+00:00,4088.14,4210.1,5.5,SCRATCH,0.01,BULL_FVG,1,FVG,WK_UP,trending,NEW_YORK,0.42,12.5,False,False,True,5.5,34.3,BULLISH,PREMIUM
139,LONG,4132.01,2025-11-11T23:00:00+00:00,4130.71,2025-11-12T02:45:00+00:00,4099.57,4214.58,-1.3,SL,0.01,BULL_FVG,2,FVG|M15,WK_UP,trending,ASIAN,0.47,11.8,True,False,True,10.4,48.4,BULLISH,PREMIUM
140,LONG,4134.56,2025-11-12T02:45:00+00:00,4115.74,2025-11-12T05:00:00+00:00,4099.92,4222.73,-18.8,SL,0.01,BULL_FVG,1,FVG,STR_UP,trending,ASIAN,0.42,12.6,False,False,True,0.0,45.9,BULLISH,PREMIUM
141,LONG,4124.49,2025-11-12T05:00:00+00:00,4103.94,2025-11-12T07:15:00+00:00,4086.39,4221.48,-20.6,SL,0.01,BULL_FVG,1,FVG,STR_UP,trending,ASIAN,0.42,13.9,False,False,True,0.0,40.5,BULLISH,PREMIUM
142,LONG,4116.4,2025-11-12T08:15:00+00:00,4186.29,2025-11-12T18:00:00+00:00,4086.65,4187.79,69.9,TP,0.01,BULL_FVG,3,FVG|M15|OTE,RNG_W,ranging,LONDON,0.52,11.9,True,True,True,63.5,56.2,BULLISH,PREMIUM
143,SHORT,4182.4,2025-11-14T02:45:00+00:00,4179.88,2025-11-14T08:15:00+00:00,4242.73,4028.84,2.5,SCRATCH,0.01,BEAR_FVG,2,FVG|M15|Premium,WK_UP,trending,ASIAN,0.37,21.9,False,False,True,6.2,34.7,NEUTRAL,PREMIUM
144,SHORT,4176.88,2025-11-14T08:15:00+00:00,4040.85,2025-11-14T16:00:00+00:00,4230.91,4039.35,136.0,TP,0.01,BEAR_FVG,2,FVG|M15|Premium,STR_UP,trending,LONDON,0.42,19.6,True,True,True,120.7,40.1,NEUTRAL,PREMIUM
145,SHORT,4077.01,2025-11-17T14:00:00+00:00,4077.09,2025-11-17T19:30:00+00:00,4131.53,3938.24,-0.1,SCRATCH,0.01,BEAR_FVG,1,FVG,WK_DN,trending,OVERLAP,0.42,19.8,False,False,True,14.0,47.1,BEARISH,DISCOUNT
146,SHORT,4074.09,2025-11-17T19:30:00+00:00,4054.53,2025-11-18T15:30:00+00:00,4128.99,3934.36,19.6,SL,0.01,BEAR_FVG,1,FVG,WK_DN,trending,NEW_YORK,0.42,20.0,True,False,False,70.2,46.4,BEARISH,DISCOUNT
147,SHORT,4061.95,2025-11-18T15:30:00+00:00,4067.86,2025-11-18T19:00:00+00:00,4109.72,3947.3,-5.9,SCRATCH,0.01,BEAR_FVG,3,FVG|OB|OTE,RNG_W,ranging,OVERLAP,0.52,19.1,False,False,True,7.6,60.8,BEARISH,DISCOUNT
148,SHORT,4064.86,2025-11-18T19:00:00+00:00,4070.3,2025-11-18T22:30:00+00:00,4115.79,3942.64,-5.4,SCRATCH,0.01,BEAR_FVG,3,FVG|OB|OTE|Premium,RNG_W,ranging,NEW_YORK,0.42,20.4,False,False,True,1.9,71.9,NEUTRAL,PREMIUM
149,LONG,4071.89,2025-11-18T23:00:00+00:00,4076.88,2025-11-19T04:30:00+00:00,4019.68,4204.8,5.0,SCRATCH,0.01,BULL_OB,2,OB|M15,WK_UP,trending,ASIAN,0.42,19.0,False,False,True,5.0,70.5,BULLISH,PREMIUM
150,LONG,4080.59,2025-11-19T07:00:00+00:00,4080.05,2025-11-19T10:30:00+00:00,4039.73,4178.66,-0.5,SCRATCH,0.01,BOS_BULL,3,BOS|CHoCH|M15,RNG_W,ranging,LONDON,0.47,16.3,False,False,True,14.8,60.9,BULLISH,PREMIUM
151,LONG,4083.05,2025-11-19T10:30:00+00:00,4095.16,2025-11-19T17:45:00+00:00,4045.39,4178.92,12.1,SL,0.01,BULL_FVG,2,FVG|BOS,WK_UP,trending,LONDON,0.47,13.7,True,False,False,45.4,55.2,BULLISH,PREMIUM
152,LONG,4098.06,2025-11-19T17:45:00+00:00,4071.35,2025-11-19T21:15:00+00:00,4047.64,4226.39,-26.7,SL,0.01,BULL_FVG,1,FVG,WK_UP,trending,NEW_YORK,0.37,18.3,False,False,True,0.0,61.8,BULLISH,PREMIUM
153,SHORT,4075.25,2025-11-19T23:15:00+00:00,4101.84,2025-11-20T01:45:00+00:00,4125.42,3954.83,-26.6,SL,0.01,BEAR_FVG,2,FVG|LiqSweep|Premium,RNG_W,ranging,ASIAN,0.42,20.1,False,False,True,0.0,46.9,NEUTRAL,PREMIUM
154,LONG,4106.05,2025-11-20T01:45:00+00:00,4074.9,2025-11-20T04:00:00+00:00,4046.76,4256.97,-31.2,SL,0.01,BULL_FVG,2,FVG|M15,STR_UP,trending,ASIAN,0.47,21.6,False,False,True,0.0,56.1,BULLISH,PREMIUM
155,SHORT,4076.75,2025-11-20T05:00:00+00:00,4069.45,2025-11-20T08:30:00+00:00,4136.43,3933.52,7.3,SCRATCH,0.01,BEAR_FVG,2,FVG|LiqSweep|Premium,RNG_W,ranging,ASIAN,0.37,23.9,False,False,True,12.2,37.9,NEUTRAL,PREMIUM
156,LONG,4075.27,2025-11-20T09:00:00+00:00,4075.36,2025-11-20T14:30:00+00:00,4019.89,4216.23,0.1,SCRATCH,0.01,BULL_FVG,2,FVG|M15|Discount,WK_DN,trending,LONDON,0.42,20.1,False,False,True,0.1,44.0,NEUTRAL,DISCOUNT
157,SHORT,4075.36,2025-11-20T14:30:00+00:00,4105.42,2025-11-20T16:45:00+00:00,4132.47,3929.98,-30.1,SL,0.01,BEAR_FVG,2,FVG|LiqSweep|Premium,WK_UP,trending,OVERLAP,0.42,20.8,False,False,True,0.0,51.7,NEUTRAL,PREMIUM
158,LONG,4094.72,2025-11-20T16:45:00+00:00,4062.39,2025-11-20T19:00:00+00:00,4033.06,4251.69,-32.3,SL,0.01,BULL_FVG,1,FVG,STR_UP,trending,NEW_YORK,0.42,22.4,False,False,True,0.0,45.4,BULLISH,PREMIUM
159,LONG,4054.08,2025-11-20T19:00:00+00:00,4052.78,2025-11-21T05:00:00+00:00,3997.55,4189.74,-1.3,SL,0.01,BULL_LIQSWEEP,1,LiqSweep|Discount,RNG_W,ranging,NEW_YORK,0.37,22.6,True,False,True,31.3,47.6,NEUTRAL,DISCOUNT
160,SHORT,4035.98,2025-11-21T09:15:00+00:00,4061.52,2025-11-21T11:30:00+00:00,4084.06,3913.59,-25.5,SL,0.01,BOS_BEAR,1,BOS,WK_DN,trending,LONDON,0.42,17.5,False,False,True,2.8,42.4,BEARISH,DISCOUNT
161,SHORT,4048.06,2025-11-21T11:30:00+00:00,4074.4,2025-11-21T15:45:00+00:00,4097.74,3921.6,-26.3,SL,0.01,BOS_BEAR,2,BOS|M15,WK_DN,trending,LONDON,0.47,18.1,False,False,True,13.6,45.5,BEARISH,DISCOUNT
162,LONG,4065.23,2025-11-21T16:30:00+00:00,4063.93,2025-11-21T22:30:00+00:00,4006.61,4214.44,-1.3,SL,0.01,BULL_FVG,1,FVG|Discount,WK_UP,trending,NEW_YORK,0.37,21.3,True,False,True,33.2,49.3,NEUTRAL,DISCOUNT
163,SHORT,4073.12,2025-11-24T01:00:00+00:00,4074.42,2025-11-24T11:00:00+00:00,4132.91,3920.94,-1.3,SL,0.01,BEAR_FVG,1,FVG|Premium,WK_DN,trending,ASIAN,0.37,21.7,True,False,True,27.9,60.6,NEUTRAL,PREMIUM
164,SHORT,4070.5,2025-11-24T11:00:00+00:00,4075.16,2025-11-24T16:30:00+00:00,4113.49,3961.08,-4.7,SCRATCH,0.01,BEAR_FVG,1,FVG|Premium,WK_DN,trending,LONDON,0.37,15.6,False,False,True,5.1,44.9,NEUTRAL,PREMIUM
165,LONG,4075.16,2025-11-24T16:30:00+00:00,4126.43,2025-11-25T10:30:00+00:00,4039.23,4161.39,51.3,SL,0.01,BULL_OB,1,OB,RNG_W,ranging,NEW_YORK,0.42,14.4,True,True,False,75.4,57.4,BULLISH,PREMIUM
166,LONG,4128.45,2025-11-25T11:00:00+00:00,4127.15,2025-11-25T16:30:00+00:00,4085.51,4237.74,-1.3,SL,0.01,BULL_FVG,1,FVG,STR_UP,trending,LONDON,0.42,15.6,True,False,True,17.9,53.0,BULLISH,PREMIUM
167,LONG,4121.3,2025-11-25T16:30:00+00:00,4128.75,2025-11-25T21:15:00+00:00,4072.25,4246.15,7.4,SL,0.01,BULL_FVG,1,FVG,STR_UP,trending,NEW_YORK,0.42,17.8,True,False,False,29.8,48.5,BULLISH,PREMIUM
168,LONG,4131.51,2025-11-25T21:15:00+00:00,4141.33,2025-11-26T02:45:00+00:00,4078.97,4265.24,9.8,SCRATCH,0.01,BULL_FVG,1,FVG,STR_UP,trending,LATE_NY,0.42,19.1,False,False,True,9.8,43.6,BULLISH,PREMIUM
169,LONG,4163.86,2025-11-26T04:15:00+00:00,4156.02,2025-11-26T09:45:00+00:00,4117.61,4281.6,-7.8,SCRATCH,0.01,BOS_BULL,2,BOS|M15,STR_UP,trending,ASIAN,0.42,16.8,False,False,True,1.6,62.1,BULLISH,PREMIUM
170,LONG,4159.02,2025-11-26T09:45:00+00:00,4157.72,2025-11-26T14:30:00+00:00,4124.67,4246.45,-1.3,SL,0.01,BULL_FVG,2,FVG|BOS,WK_UP,trending,LONDON,0.42,12.5,True,False,True,11.1,62.4,BULLISH,PREMIUM
171,LONG,4159.95,2025-11-26T14:30:00+00:00,4140.8,2025-11-26T16:45:00+00:00,4124.65,4249.81,-19.1,SL,0.01,BULL_FVG,2,FVG|BOS,WK_UP,trending,OVERLAP,0.42,12.8,False,False,True,4.1,62.8,BULLISH,PREMIUM
172,LONG,4153.78,2025-11-26T17:00:00+00:00,4152.48,2025-11-27T03:15:00+00:00,4112.53,4258.77,-1.3,SL,0.01,BULL_OB,2,OB|FVG,WK_UP,trending,NEW_YORK,0.47,15.0,True,False,True,15.9,57.4,BULLISH,PREMIUM
173,LONG,4155.24,2025-11-27T03:15:00+00:00,4156.09,2025-11-27T08:45:00+00:00,4120.49,4243.7,0.9,SCRATCH,0.01,BULL_FVG,2,FVG|OB,WK_UP,trending,ASIAN,0.47,12.6,False,False,True,0.9,46.5,BULLISH,PREMIUM
174,SHORT,4156.09,2025-11-27T08:45:00+00:00,4158.3,2025-11-27T14:15:00+00:00,4180.73,4093.38,-2.2,SCRATCH,0.01,BEAR_FVG,3,FVG|OB|LiqSweep|Premium,WK_UP,trending,LONDON,0.47,9.0,False,False,True,1.7,41.7,NEUTRAL,PREMIUM
175,LONG,4158.3,2025-11-27T14:15:00+00:00,4156.3,2025-11-27T19:45:00+00:00,4132.18,4224.8,-2.0,SCRATCH,0.01,BULL_OB,1,OB,WK_UP,trending,OVERLAP,0.42,9.5,False,False,True,1.3,42.2,BULLISH,PREMIUM
176,SHORT,4156.3,2025-11-27T19:45:00+00:00,4164.37,2025-11-28T01:15:00+00:00,4180.37,4095.04,-8.1,SCRATCH,0.01,BEAR_FVG,3,FVG|OB|LiqSweep|Premium,WK_UP,trending,NEW_YORK,0.47,8.8,False,False,True,0.0,60.5,NEUTRAL,PREMIUM
177,LONG,4164.37,2025-11-28T01:15:00+00:00,4170.8,2025-11-28T10:00:00+00:00,4144.29,4215.49,6.4,SL,0.01,BULL_OB,1,OB,WK_UP,trending,ASIAN,0.42,7.3,True,False,False,26.4,57.1,BULLISH,PREMIUM
178,LONG,4167.14,2025-11-28T10:00:00+00:00,4172.76,2025-11-28T15:30:00+00:00,4140.06,4236.06,5.6,SCRATCH,0.01,BULL_FVG,3,FVG|BOS|OB,STR_UP,trending,LONDON,0.52,9.8,False,False,True,8.1,55.1,BULLISH,PREMIUM
179,LONG,4175.76,2025-11-28T15:30:00+00:00,4199.2,2025-12-02T03:00:00+00:00,4140.35,4265.9,23.4,SL,0.01,BULL_FVG,2,FVG|M15,WK_UP,trending,OVERLAP,0.42,12.9,True,True,False,84.7,60.4,BULLISH,PREMIUM
180,LONG,4215.4,2025-12-02T03:15:00+00:00,4217.31,2025-12-02T06:45:00+00:00,4175.51,4311.14,1.9,SCRATCH,0.01,BULL_LIQSWEEP,3,LiqSweep|OB|OTE,RNG_W,ranging,ASIAN,0.42,16.0,False,False,True,7.1,23.2,BULLISH,PREMIUM
181,SHORT,4217.31,2025-12-02T06:45:00+00:00,4216.03,2025-12-02T10:15:00+00:00,4254.67,4127.65,1.3,SCRATCH,0.01,BOS_BEAR,2,BOS|CHoCH|Premium,RNG_W,ranging,ASIAN,0.45,14.9,False,False,True,10.2,28.3,NEUTRAL,PREMIUM
182,SHORT,4210.96,2025-12-02T10:30:00+00:00,4205.73,2025-12-02T13:45:00+00:00,4244.88,4124.62,5.2,SL,0.01,BOS_BEAR,2,BOS|M15|Premium,WK_DN,trending,LONDON,0.37,12.3,True,False,False,23.8,31.7,NEUTRAL,PREMIUM
183,SHORT,4203.88,2025-12-02T13:45:00+00:00,4223.4,2025-12-02T16:00:00+00:00,4239.91,4117.4,-19.5,SL,0.01,BEAR_FVG,3,FVG|BOS|CHoCH,RNG_W,ranging,OVERLAP,0.47,14.4,False,False,True,0.0,32.7,BEARISH,DISCOUNT
184,SHORT,4222.0,2025-12-02T16:00:00+00:00,4187.69,2025-12-02T18:30:00+00:00,4259.74,4131.43,34.3,SL,0.01,BOS_BEAR,1,BOS|Premium,RNG_W,ranging,NEW_YORK,0.37,15.1,True,False,False,51.2,46.0,NEUTRAL,PREMIUM
185,SHORT,4184.76,2025-12-02T18:30:00+00:00,4211.02,2025-12-02T22:30:00+00:00,4234.27,4058.73,-26.3,SL,0.01,BEAR_FVG,3,FVG|BOS|CHoCH,WK_DN,trending,NEW_YORK,0.47,18.0,False,False,True,0.0,37.9,BEARISH,DISCOUNT
186,SHORT,4207.68,2025-12-02T23:00:00+00:00,4209.67,2025-12-03T01:00:00+00:00,4266.09,4108.83,-2.0,SCRATCH,0.01,BEAR_FVG,2,FVG|OB,VOL_BK,breakout,ASIAN,0.47,18.0,False,False,False,0.5,47.6,BEARISH,DISCOUNT
187,LONG,4209.67,2025-12-03T01:00:00+00:00,4214.53,2025-12-03T03:00:00+00:00,4150.47,4309.85,4.9,SCRATCH,0.01,BULL_FVG,1,FVG|Discount,VOL_BK,breakout,ASIAN,0.37,18.2,False,False,True,4.9,50.8,NEUTRAL,DISCOUNT
188,SHORT,4214.53,2025-12-03T03:00:00+00:00,4208.35,2025-12-03T08:30:00+00:00,4259.93,4098.96,6.2,SCRATCH,0.01,BEAR_OB,3,OB|FVG|OTE,WK_UP,trending,ASIAN,0.42,16.5,False,False,True,6.2,59.9,NEUTRAL,EQUILIBRIUM
189,SHORT,4205.35,2025-12-03T08:30:00+00:00,4209.1,2025-12-03T14:00:00+00:00,4238.97,4119.76,-3.8,SCRATCH,0.01,BEAR_FVG,4,FVG|OB|M15|OTE,WK_DN,trending,LONDON,0.37,12.2,False,False,True,8.5,70.3,NEUTRAL,DISCOUNT
190,SHORT,4206.1,2025-12-03T14:00:00+00:00,4236.44,2025-12-03T15:45:00+00:00,4234.94,4132.7,-30.3,SL,0.01,BEAR_FVG,3,FVG|OB|OTE,WK_DN,trending,OVERLAP,0.52,10.5,False,False,False,0.0,56.1,BEARISH,DISCOUNT
191,SHORT,4235.8,2025-12-03T15:45:00+00:00,4237.1,2025-12-03T16:30:00+00:00,4267.35,4155.49,-1.3,SL,0.01,BEAR_OB,1,OB|Premium,WK_UP,trending,OVERLAP,0.37,11.5,True,False,False,9.5,65.1,NEUTRAL,PREMIUM
192,LONG,4228.45,2025-12-03T16:30:00+00:00,4210.08,2025-12-03T18:45:00+00:00,4194.72,4309.41,-18.4,SL,0.01,BOS_BULL,2,BOS|CHoCH|Discount,RNG_W,ranging,NEW_YORK,0.5,13.5,False,False,True,0.0,50.4,NEUTRAL,DISCOUNT
193,LONG,4202.3,2025-12-03T18:45:00+00:00,4205.06,2025-12-04T01:00:00+00:00,4159.58,4311.04,2.8,SCRATCH,0.01,BULL_FVG,3,FVG|OB|LiqSweep|Discount,WK_DN,trending,NEW_YORK,0.47,15.5,False,False,True,8.8,38.2,NEUTRAL,DISCOUNT
194,SHORT,4205.06,2025-12-04T01:00:00+00:00,4198.71,2025-12-04T06:30:00+00:00,4249.33,4092.37,6.4,SCRATCH,0.01,BEAR_FVG,2,FVG|OB|Premium,WK_DN,trending,ASIAN,0.57,16.1,False,False,True,10.4,50.4,BEARISH,PREMIUM
195,SHORT,4195.71,2025-12-04T06:30:00+00:00,4197.01,2025-12-04T10:00:00+00:00,4236.78,4091.18,-1.3,SL,0.01,BEAR_FVG,1,FVG,WK_DN,trending,ASIAN,0.37,14.9,True,False,False,13.8,31.7,BEARISH,DISCOUNT
196,SHORT,4189.86,2025-12-04T10:00:00+00:00,4207.08,2025-12-04T13:00:00+00:00,4221.3,4109.83,-17.2,SL,0.01,BOS_BEAR,1,BOS,WK_DN,trending,LONDON,0.37,11.4,False,False,True,3.5,35.9,BEARISH,DISCOUNT
197,SHORT,4200.84,2025-12-04T13:00:00+00:00,4202.14,2025-12-04T16:00:00+00:00,4231.44,4122.96,-1.3,SL,0.01,BEAR_FVG,1,FVG,WK_DN,trending,OVERLAP,0.42,11.1,True,False,True,11.7,45.5,BEARISH,DISCOUNT
198,SHORT,4203.37,2025-12-04T16:00:00+00:00,4209.84,2025-12-04T21:30:00+00:00,4238.1,4114.97,-6.5,SCRATCH,0.01,BEAR_FVG,2,FVG|OB,WK_DN,trending,NEW_YORK,0.47,12.6,False,False,True,1.9,44.4,BEARISH,DISCOUNT
199,LONG,4209.84,2025-12-04T21:30:00+00:00,4206.56,2025-12-05T01:00:00+00:00,4179.12,4283.56,-3.3,SCRATCH,0.01,BULL_OB,1,OB,RNG_W,ranging,LATE_NY,0.37,12.3,False,False,True,0.0,66.6,BULLISH,PREMIUM
200,LONG,4203.33,2025-12-05T02:45:00+00:00,4223.83,2025-12-05T18:00:00+00:00,4175.0,4275.44,20.5,SL,0.01,BULL_LIQSWEEP,1,LiqSweep|Discount,WK_UP,trending,ASIAN,0.52,10.3,True,True,True,49.1,51.6,BULLISH,DISCOUNT
201,LONG,4218.12,2025-12-05T18:15:00+00:00,4198.6,2025-12-05T22:30:00+00:00,4182.09,4309.84,-19.5,SL,0.01,BOS_BULL,1,BOS|Discount,STR_UP,trending,NEW_YORK,0.52,13.1,False,False,True,0.0,54.7,BULLISH,DISCOUNT
202,LONG,4205.11,2025-12-09T11:00:00+00:00,4190.27,2025-12-09T16:00:00+00:00,4178.43,4273.01,-14.8,SL,0.01,BOS_BULL,3,BOS|CHoCH|M15|Discount,WK_DN,trending,LONDON,0.5,9.7,False,False,True,0.7,61.6,NEUTRAL,DISCOUNT
203,LONG,4193.69,2025-12-09T16:00:00+00:00,4193.91,2025-12-09T17:00:00+00:00,4159.66,4250.41,0.2,SCRATCH,0.01,BULL_FVG,3,FVG|LiqSweep|BOS|Discount,REVRS,reversal,NEW_YORK,0.5,11.3,False,False,False,10.7,61.2,NEUTRAL,DISCOUNT
204,LONG,4196.91,2025-12-09T17:00:00+00:00,4201.46,2025-12-09T19:45:00+00:00,4162.17,4285.35,4.6,SL,0.01,BULL_FVG,3,FVG|BOS|LiqSweep|Discount,WK_UP,trending,NEW_YORK,0.42,12.6,True,False,False,20.9,62.4,NEUTRAL,DISCOUNT
205,LONG,4204.68,2025-12-09T19:45:00+00:00,4208.56,2025-12-09T23:15:00+00:00,4172.1,4282.88,3.9,SCRATCH,0.01,BULL_FVG,2,FVG|BOS|Discount,RNG_W,ranging,NEW_YORK,0.42,13.0,False,False,True,8.5,56.7,NEUTRAL,DISCOUNT
206,SHORT,4207.11,2025-12-09T23:30:00+00:00,4216.37,2025-12-10T03:00:00+00:00,4236.95,4135.5,-9.3,SCRATCH,0.01,BEAR_LIQSWEEP,2,LiqSweep|M15|Premium,RNG_W,ranging,ASIAN,0.37,11.9,False,False,True,0.0,70.9,NEUTRAL,PREMIUM
207,LONG,4208.66,2025-12-10T05:30:00+00:00,4191.7,2025-12-10T11:45:00+00:00,4177.75,4287.33,-17.0,SL,0.01,BULL_FVG,1,FVG,WK_UP,trending,ASIAN,0.42,11.2,False,False,True,1.9,51.6,BULLISH,PREMIUM
208,LONG,4195.76,2025-12-10T11:45:00+00:00,4196.66,2025-12-10T15:15:00+00:00,4175.77,4243.75,0.9,SCRATCH,0.01,BULL_FVG,1,FVG|Discount,RNG_W,ranging,LONDON,0.37,8.0,False,False,True,3.9,36.6,NEUTRAL,DISCOUNT
209,SHORT,4196.66,2025-12-10T15:15:00+00:00,4206.29,2025-12-10T18:45:00+00:00,4217.88,4145.73,-9.6,SCRATCH,0.01,BEAR_LIQSWEEP,1,LiqSweep|Premium,RNG_W,ranging,OVERLAP,0.52,8.5,False,False,True,2.6,40.7,BEARISH,PREMIUM
210,SHORT,4203.29,2025-12-10T18:45:00+00:00,4216.84,2025-12-10T21:00:00+00:00,4227.38,4145.48,-13.6,SL,0.01,BEAR_LIQSWEEP,1,LiqSweep|Premium,RNG_W,ranging,NEW_YORK,0.37,9.6,False,False,True,7.7,40.3,NEUTRAL,PREMIUM
211,SHORT,4210.76,2025-12-10T21:00:00+00:00,4212.06,2025-12-10T21:45:00+00:00,4239.18,4142.55,-1.3,SL,0.01,BEAR_LIQSWEEP,2,LiqSweep|OTE|Premium,RNG_W,ranging,LATE_NY,0.42,11.4,True,False,False,21.7,53.2,NEUTRAL,PREMIUM
212,LONG,4314.74,2025-12-15T03:00:00+00:00,4313.44,2025-12-15T17:00:00+00:00,4256.8,4462.22,-1.3,SL,0.01,BULL_FVG,2,FVG|M15,STR_UP,trending,ASIAN,0.47,21.1,True,False,True,33.0,47.5,BULLISH,PREMIUM
213,LONG,4324.39,2025-12-15T17:00:00+00:00,4291.99,2025-12-15T18:15:00+00:00,4293.49,4403.04,-32.4,SL,0.01,BULL_FVG,2,FVG|OB,WK_UP,trending,NEW_YORK,0.47,11.2,False,False,False,0.0,47.2,BULLISH,PREMIUM
214,SHORT,4294.83,2025-12-15T18:15:00+00:00,4314.26,2025-12-15T20:45:00+00:00,4330.69,4203.56,-19.4,SL,0.01,BEAR_FVG,2,FVG|M15|Premium,WK_DN,trending,NEW_YORK,0.37,13.0,False,False,True,0.0,34.5,NEUTRAL,PREMIUM
215,LONG,4314.71,2025-12-15T20:45:00+00:00,4304.83,2025-12-16T01:00:00+00:00,4279.93,4398.18,-9.9,SCRATCH,0.01,BULL_FVG,2,FVG|M15,RNG_W,ranging,LATE_NY,0.47,13.9,False,False,True,0.0,44.0,BULLISH,PREMIUM
216,LONG,4309.09,2025-12-16T01:15:00+00:00,4291.32,2025-12-16T04:45:00+00:00,4276.54,4387.21,-17.8,SL,0.01,BULL_FVG,2,FVG|M15|Discount,RNG_W,ranging,ASIAN,0.37,13.0,False,False,True,4.1,25.9,NEUTRAL,DISCOUNT
217,SHORT,4286.44,2025-12-16T06:00:00+00:00,4284.34,2025-12-16T11:30:00+00:00,4327.42,4182.12,2.1,SCRATCH,0.01,BEAR_FVG,1,FVG,WK_DN,trending,ASIAN,0.37,14.9,False,False,True,5.8,25.7,BEARISH,DISCOUNT
218,SHORT,4286.35,2025-12-16T14:00:00+00:00,4305.32,2025-12-16T16:15:00+00:00,4321.29,4197.41,-19.0,SL,0.01,BOS_BEAR,2,BOS|FVG,WK_DN,trending,OVERLAP,0.47,12.7,False,False,True,0.0,42.2,BEARISH,DISCOUNT
219,LONG,4326.14,2025-12-16T16:45:00+00:00,4318.28,2025-12-16T17:45:00+00:00,4282.42,4399.01,-7.9,SCRATCH,0.01,BOS_BULL,2,BOS|CHoCH,REVRS,reversal,NEW_YORK,0.4,14.6,False,False,False,0.0,59.1,NEUTRAL,PREMIUM
220,LONG,4321.28,2025-12-16T17:45:00+00:00,4297.5,2025-12-16T21:15:00+00:00,4276.73,4395.54,-23.8,SL,0.01,BOS_BULL,2,BOS|CHoCH,REVRS,reversal,NEW_YORK,0.4,14.9,False,False,True,0.0,55.7,NEUTRAL,PREMIUM
221,SHORT,4303.95,2025-12-16T21:15:00+00:00,4305.99,2025-12-17T01:00:00+00:00,4343.07,4210.07,-2.0,SCRATCH,0.01,BEAR_FVG,1,FVG|Premium,RNG_W,ranging,LATE_NY,0.37,15.6,False,False,True,0.4,63.3,NEUTRAL,PREMIUM
222,LONG,4307.91,2025-12-17T01:15:00+00:00,4315.08,2025-12-17T09:30:00+00:00,4266.74,4412.7,7.2,SL,0.01,BULL_FVG,2,FVG|M15|Discount,WK_DN,trending,ASIAN,0.37,15.0,True,False,True,28.9,61.1,NEUTRAL,DISCOUNT
223,LONG,4317.58,2025-12-17T09:30:00+00:00,4321.63,2025-12-17T15:00:00+00:00,4283.71,4403.79,4.1,SCRATCH,0.01,BOS_BULL,2,BOS|FVG,WK_UP,trending,LONDON,0.47,12.3,False,False,True,4.1,59.4,BULLISH,PREMIUM
224,LONG,4324.63,2025-12-17T15:00:00+00:00,4323.33,2025-12-17T16:15:00+00:00,4292.2,4402.46,-1.3,SL,0.01,BULL_OB,1,OB,RNG_W,ranging,OVERLAP,0.37,13.0,True,False,False,16.0,67.5,BULLISH,PREMIUM
225,LONG,4328.24,2025-12-17T18:15:00+00:00,4326.94,2025-12-18T03:15:00+00:00,4287.59,4431.7,-1.3,SL,0.01,BULL_OB,1,OB,WK_UP,trending,NEW_YORK,0.37,14.8,True,False,False,14.5,61.7,BULLISH,PREMIUM
226,LONG,4326.47,2025-12-18T03:15:00+00:00,4332.52,2025-12-18T08:45:00+00:00,4287.47,4425.74,6.1,SCRATCH,0.01,BULL_OB,1,OB,WK_UP,trending,ASIAN,0.42,14.2,False,False,True,9.3,59.2,BULLISH,PREMIUM
227,LONG,4329.91,2025-12-18T10:00:00+00:00,4316.05,2025-12-18T14:15:00+00:00,4305.19,4392.82,-13.9,SL,0.01,BULL_LIQSWEEP,1,LiqSweep,WK_UP,trending,LONDON,0.37,9.0,False,False,True,0.0,28.2,BULLISH,PREMIUM
228,LONG,4317.92,2025-12-18T15:00:00+00:00,4321.6,2025-12-18T16:30:00+00:00,4293.11,4381.06,3.7,SL,0.01,BULL_OB,2,OB|OTE,WK_DN,trending,OVERLAP,0.47,9.0,True,False,False,17.3,47.0,BULLISH,PREMIUM
229,LONG,4315.5,2025-12-18T16:30:00+00:00,4336.68,2025-12-18T19:00:00+00:00,4286.11,4390.32,21.2,SL,0.01,BULL_OB,1,OB,WK_UP,trending,NEW_YORK,0.42,10.7,True,True,False,50.2,43.7,BULLISH,PREMIUM
230,LONG,4338.94,2025-12-18T19:30:00+00:00,4333.43,2025-12-19T01:00:00+00:00,4296.04,4448.14,-5.5,SCRATCH,0.01,BOS_BULL,1,BOS,STR_UP,trending,NEW_YORK,0.47,15.6,False,False,True,0.0,50.0,BULLISH,EQUILIBRIUM
231,LONG,4331.62,2025-12-19T02:00:00+00:00,4323.84,2025-12-19T07:30:00+00:00,4284.88,4450.6,-7.8,SCRATCH,0.01,BULL_LIQSWEEP,2,LiqSweep|OTE|Discount,WK_UP,trending,ASIAN,0.42,17.0,False,False,True,0.0,51.1,NEUTRAL,DISCOUNT
232,LONG,4346.51,2025-12-19T20:30:00+00:00,4343.44,2025-12-22T01:00:00+00:00,4317.58,4420.16,-3.1,SCRATCH,0.01,BULL_FVG,2,FVG|OB,WK_UP,trending,LATE_NY,0.37,10.5,False,False,True,0.7,76.8,BULLISH,PREMIUM
233,LONG,4346.44,2025-12-22T01:00:00+00:00,4408.06,2025-12-22T08:45:00+00:00,4320.14,4409.56,61.6,TP,0.01,BULL_FVG,2,FVG|OB,RNG_W,ranging,ASIAN,0.42,10.5,True,True,False,60.5,72.4,BULLISH,PREMIUM
234,LONG,4485.94,2025-12-23T13:00:00+00:00,4467.11,2025-12-23T16:00:00+00:00,4451.28,4574.16,-18.8,SL,0.01,BULL_FVG,1,FVG,STR_UP,trending,OVERLAP,0.37,12.6,False,False,True,7.1,74.9,BULLISH,PREMIUM
235,LONG,4471.37,2025-12-23T16:00:00+00:00,4429.03,2025-12-23T17:00:00+00:00,4430.53,4575.32,-42.3,SL,0.01,BULL_FVG,1,FVG,STR_UP,trending,NEW_YORK,0.42,14.8,False,False,False,0.0,40.4,BULLISH,PREMIUM
236,LONG,4449.93,2025-12-23T17:00:00+00:00,4479.62,2025-12-24T04:45:00+00:00,4407.51,4557.92,29.7,SL,0.01,BULL_FVG,1,FVG,STR_UP,trending,NEW_YORK,0.42,15.4,True,True,False,70.1,38.3,BULLISH,PREMIUM
237,LONG,4479.16,2025-12-24T04:45:00+00:00,4477.86,2025-12-24T10:00:00+00:00,4422.49,4623.41,-1.3,SL,0.01,BULL_FVG,1,FVG,STR_UP,trending,ASIAN,0.42,20.6,True,False,False,19.4,45.8,BULLISH,PREMIUM
238,LONG,4486.73,2025-12-24T10:00:00+00:00,4483.75,2025-12-24T15:30:00+00:00,4438.28,4610.05,-3.0,SCRATCH,0.01,BULL_FVG,1,FVG,STR_UP,trending,LONDON,0.42,17.6,False,False,True,7.2,52.9,BULLISH,PREMIUM
239,LONG,4486.75,2025-12-24T15:30:00+00:00,4462.07,2025-12-24T17:45:00+00:00,4440.39,4604.75,-24.7,SL,0.01,BULL_FVG,1,FVG,STR_UP,trending,OVERLAP,0.42,16.9,False,False,True,0.0,44.0,BULLISH,PREMIUM
240,LONG,4460.1,2025-12-24T17:45:00+00:00,4494.5,2025-12-29T02:15:00+00:00,4409.63,4588.57,34.4,SL,0.01,BULL_FVG,2,FVG|OTE|Discount,WK_DN,trending,NEW_YORK,0.37,18.4,True,True,False,85.1,29.0,NEUTRAL,DISCOUNT
241,LONG,4488.49,2025-12-29T02:15:00+00:00,4487.19,2025-12-29T08:30:00+00:00,4431.75,4632.92,-1.3,SL,0.01,BULL_FVG,2,FVG|OTE|Discount,STR_UP,trending,ASIAN,0.42,20.6,True,False,False,26.7,44.5,NEUTRAL,DISCOUNT
242,SHORT,4367.83,2025-12-30T17:00:00+00:00,4359.68,2025-12-31T03:15:00+00:00,4421.88,4230.25,8.1,SL,0.01,BEAR_FVG,1,FVG,WK_DN,trending,NEW_YORK,0.42,19.7,True,False,True,32.2,52.0,BEARISH,DISCOUNT
243,SHORT,4353.36,2025-12-31T03:15:00+00:00,4335.04,2025-12-31T09:15:00+00:00,4412.59,4202.6,18.3,SL,0.01,BEAR_FVG,2,FVG|BOS,WK_DN,trending,ASIAN,0.47,21.5,True,False,True,66.1,42.9,BEARISH,DISCOUNT
244,SHORT,4331.77,2025-12-31T09:15:00+00:00,4333.07,2025-12-31T11:30:00+00:00,4402.75,4151.1,-1.3,SL,0.01,BEAR_OB,2,OB|BOS,STR_DN,trending,LONDON,0.42,25.8,True,False,False,22.9,37.9,BEARISH,DISCOUNT
245,SHORT,4334.8,2025-12-31T11:30:00+00:00,4336.1,2025-12-31T15:30:00+00:00,4410.91,4141.06,-1.3,SL,0.01,BEAR_OB,1,OB,STR_DN,trending,LONDON,0.42,27.7,True,False,False,26.7,41.2,BEARISH,DISCOUNT
246,SHORT,4331.65,2025-12-31T15:30:00+00:00,4322.82,2025-12-31T22:30:00+00:00,4410.4,4131.19,8.8,SCRATCH,0.01,BEAR_OB,2,OB|BOS,STR_DN,trending,OVERLAP,0.47,28.6,False,False,True,19.1,51.3,BEARISH,DISCOUNT
247,SHORT,4329.44,2026-01-02T01:00:00+00:00,4359.85,2026-01-02T04:45:00+00:00,4387.27,4182.24,-30.4,SL,0.01,BOS_BEAR,2,BOS|OB|Premium,WK_DN,trending,ASIAN,0.42,21.0,False,False,True,0.0,63.8,NEUTRAL,PREMIUM
248,LONG,4376.08,2026-01-02T15:15:00+00:00,4336.3,2026-01-02T17:00:00+00:00,4337.8,4473.53,-39.8,SL,0.01,BULL_FVG,1,FVG,WK_UP,trending,OVERLAP,0.42,13.9,False,False,False,0.0,57.8,BULLISH,PREMIUM
249,LONG,4342.18,2026-01-02T17:00:00+00:00,4320.93,2026-01-02T18:45:00+00:00,4302.69,4436.95,-21.2,SL,0.01,BULL_FVG,2,FVG|OTE|Discount,RNG_W,ranging,NEW_YORK,0.42,15.8,False,False,True,2.4,45.1,NEUTRAL,DISCOUNT
250,LONG,4328.06,2026-01-02T18:45:00+00:00,4439.3,2026-01-05T16:45:00+00:00,4283.77,4440.8,111.2,TP,0.01,BULL_FVG,4,FVG|OB|LiqSweep|OTE|Discount,WK_DN,trending,NEW_YORK,0.52,16.1,True,True,True,108.2,35.3,NEUTRAL,DISCOUNT
251,LONG,4442.18,2026-01-06T01:45:00+00:00,4448.51,2026-01-06T07:45:00+00:00,4397.96,4554.74,6.3,SL,0.01,BULL_FVG,1,FVG,WK_UP,trending,ASIAN,0.42,16.1,True,False,True,26.1,54.8,BULLISH,PREMIUM
252,LONG,4458.41,2026-01-06T08:00:00+00:00,4460.7,2026-01-06T13:30:00+00:00,4418.22,4560.71,2.3,SCRATCH,0.01,BOS_BULL,1,BOS,WK_UP,trending,LONDON,0.42,14.6,False,False,True,11.2,58.3,BULLISH,PREMIUM
253,LONG,4463.7,2026-01-06T13:30:00+00:00,4462.4,2026-01-06T17:30:00+00:00,4419.57,4576.02,-1.3,SL,0.01,BOS_BULL,2,BOS|M15,WK_UP,trending,OVERLAP,0.47,16.0,True,False,True,21.6,57.0,BULLISH,PREMIUM
254,LONG,4477.06,2026-01-06T17:30:00+00:00,4475.76,2026-01-07T03:00:00+00:00,4431.16,4593.89,-1.3,SL,0.01,BOS_BULL,1,BOS,STR_UP,trending,NEW_YORK,0.37,16.7,True,False,True,20.0,60.5,BULLISH,PREMIUM
255,LONG,4472.48,2026-01-07T03:00:00+00:00,4449.34,2026-01-07T07:30:00+00:00,4429.2,4582.66,-23.1,SL,0.01,BOS_BULL,1,BOS,WK_UP,trending,ASIAN,0.42,15.7,False,False,True,4.4,56.6,BULLISH,PREMIUM
256,LONG,4448.22,2026-01-07T08:30:00+00:00,4446.92,2026-01-07T13:45:00+00:00,4406.2,4555.18,-1.3,SL,0.01,BULL_LIQSWEEP,2,LiqSweep|OTE|Discount,WK_DN,trending,LONDON,0.42,15.3,True,False,False,18.6,33.1,NEUTRAL,DISCOUNT
257,LONG,4448.97,2026-01-07T13:45:00+00:00,4427.7,2026-01-07T17:00:00+00:00,4409.44,4543.84,-21.3,SL,0.01,BULL_LIQSWEEP,1,LiqSweep|Discount,RNG_W,ranging,OVERLAP,0.37,15.8,False,False,True,2.4,30.1,NEUTRAL,DISCOUNT
258,SHORT,4456.41,2026-01-07T18:15:00+00:00,4457.88,2026-01-07T23:45:00+00:00,4506.46,4329.02,-1.5,SCRATCH,0.01,BEAR_LIQSWEEP,1,LiqSweep|Premium,WK_DN,trending,NEW_YORK,0.37,18.2,False,False,True,5.3,45.3,NEUTRAL,PREMIUM
259,LONG,4449.06,2026-01-08T03:30:00+00:00,4426.62,2026-01-08T07:00:00+00:00,4407.18,4549.57,-22.4,SL,0.01,BULL_LIQSWEEP,1,LiqSweep|Discount,RNG_W,ranging,ASIAN,0.37,16.8,False,False,True,0.0,42.2,NEUTRAL,DISCOUNT
260,SHORT,4425.86,2026-01-08T07:00:00+00:00,4434.16,2026-01-08T12:30:00+00:00,4466.74,4321.79,-8.3,SCRATCH,0.01,BEAR_FVG,2,FVG|M15,WK_DN,trending,LONDON,0.42,14.9,False,False,True,5.8,39.1,BEARISH,DISCOUNT
261,SHORT,4431.16,2026-01-08T12:30:00+00:00,4432.46,2026-01-08T14:30:00+00:00,4467.08,4339.74,-1.3,SL,0.01,BEAR_FVG,1,FVG,WK_DN,trending,OVERLAP,0.37,13.1,True,False,False,17.3,32.4,BEARISH,DISCOUNT
262,SHORT,4427.48,2026-01-08T14:30:00+00:00,4448.6,2026-01-08T17:00:00+00:00,4466.73,4327.57,-21.1,SL,0.01,BEAR_FVG,1,FVG,WK_DN,trending,OVERLAP,0.37,14.3,False,False,True,5.2,30.4,BEARISH,DISCOUNT
263,LONG,4449.62,2026-01-08T17:00:00+00:00,4456.14,2026-01-09T03:00:00+00:00,4405.99,4560.68,6.5,SL,0.01,BULL_LIQSWEEP,2,LiqSweep|M15,WK_DN,trending,NEW_YORK,0.37,15.9,True,False,True,26.7,53.4,NEUTRAL,EQUILIBRIUM
264,LONG,4460.7,2026-01-09T03:00:00+00:00,4461.55,2026-01-09T06:30:00+00:00,4419.68,4559.15,0.9,SCRATCH,0.01,BULL_FVG,1,FVG,RNG_W,ranging,ASIAN,0.37,16.4,False,False,True,11.1,64.4,BULLISH,PREMIUM
265,LONG,4464.55,2026-01-09T06:30:00+00:00,4472.87,2026-01-09T10:00:00+00:00,4428.41,4551.28,8.3,SCRATCH,0.01,BULL_FVG,3,FVG|OB|M15,RNG_W,ranging,ASIAN,0.47,14.5,False,False,True,9.0,68.4,BULLISH,PREMIUM
266,LONG,4475.87,2026-01-09T10:00:00+00:00,4469.2,2026-01-09T13:30:00+00:00,4445.02,4549.91,-6.7,SCRATCH,0.01,BULL_FVG,1,FVG,RNG_W,ranging,LONDON,0.42,12.3,False,False,True,0.0,52.9,BULLISH,PREMIUM
267,LONG,4595.78,2026-01-13T04:45:00+00:00,4588.52,2026-01-13T10:15:00+00:00,4541.91,4732.9,-7.3,SCRATCH,0.01,BOS_BULL,2,BOS|M15,STR_UP,trending,ASIAN,0.47,19.6,False,False,True,4.1,53.4,BULLISH,PREMIUM
268,LONG,4591.52,2026-01-13T10:15:00+00:00,4601.12,2026-01-13T17:15:00+00:00,4549.19,4699.26,9.6,SL,0.01,BULL_OB,1,OB,WK_UP,trending,LONDON,0.42,15.4,True,False,True,37.0,37.8,BULLISH,PREMIUM
269,LONG,4610.33,2026-01-13T17:15:00+00:00,4586.9,2026-01-13T19:45:00+00:00,4566.47,4721.98,-23.4,SL,0.01,BULL_FVG,2,FVG|BOS,WK_UP,trending,NEW_YORK,0.42,15.9,False,False,True,7.4,69.1,BULLISH,PREMIUM
270,LONG,4591.93,2026-01-13T19:45:00+00:00,4595.65,2026-01-14T01:15:00+00:00,4541.87,4719.35,3.7,SCRATCH,0.01,BULL_FVG,2,FVG|OTE,STR_UP,trending,NEW_YORK,0.47,18.2,False,False,True,6.9,48.4,BULLISH,PREMIUM
271,LONG,4598.65,2026-01-14T01:15:00+00:00,4597.35,2026-01-15T03:15:00+00:00,4550.38,4714.49,-1.3,SL,0.01,BULL_FVG,3,FVG|BOS|M15,RNG_W,ranging,ASIAN,0.52,19.3,True,False,True,39.9,51.8,BULLISH,PREMIUM
272,LONG,4602.17,2026-01-15T03:15:00+00:00,4593.74,2026-01-15T07:45:00+00:00,4553.87,4718.09,-8.4,SCRATCH,0.01,BULL_FVG,1,FVG|Discount,RNG_W,ranging,ASIAN,0.37,19.3,False,False,True,10.4,33.6,NEUTRAL,DISCOUNT
273,SHORT,4603.87,2026-01-15T08:00:00+00:00,4611.03,2026-01-15T09:00:00+00:00,4659.48,4511.18,-7.2,SCRATCH,0.01,BEAR_LIQSWEEP,3,LiqSweep|BOS|CHoCH|Premium,REVRS,reversal,LONDON,0.62,18.5,False,False,False,0.0,46.1,BEARISH,PREMIUM
274,LONG,4611.03,2026-01-15T09:00:00+00:00,4602.43,2026-01-15T10:00:00+00:00,4555.83,4703.03,-8.6,SCRATCH,0.01,BULL_FVG,1,FVG|Discount,REVRS,reversal,LONDON,0.45,18.4,False,False,False,0.0,42.8,BEARISH,DISCOUNT
275,SHORT,4602.43,2026-01-15T10:00:00+00:00,4605.55,2026-01-15T11:00:00+00:00,4655.76,4513.54,-3.1,SCRATCH,0.01,BEAR_LIQSWEEP,2,LiqSweep|BOS,REVRS,reversal,LONDON,0.47,17.8,False,False,False,0.0,45.3,BEARISH,DISCOUNT
276,LONG,4606.98,2026-01-15T15:15:00+00:00,4604.19,2026-01-15T18:45:00+00:00,4566.23,4704.78,-2.8,SCRATCH,0.01,BULL_LIQSWEEP,1,LiqSweep|Discount,RNG_W,ranging,OVERLAP,0.37,16.3,False,False,True,13.6,37.1,NEUTRAL,DISCOUNT
277,LONG,4607.19,2026-01-15T18:45:00+00:00,4603.45,2026-01-15T22:15:00+00:00,4565.02,4708.39,-3.7,SCRATCH,0.01,BULL_LIQSWEEP,1,LiqSweep|Discount,RNG_W,ranging,NEW_YORK,0.37,16.9,False,False,True,10.7,51.1,NEUTRAL,DISCOUNT
278,SHORT,4610.66,2026-01-15T23:00:00+00:00,4603.0,2026-01-16T02:30:00+00:00,4647.58,4522.06,7.7,SCRATCH,0.01,BEAR_OB,1,OB|Premium,RNG_T,ranging,ASIAN,0.37,14.8,False,False,True,7.7,55.8,NEUTRAL,PREMIUM
279,LONG,4603.0,2026-01-16T02:30:00+00:00,4603.17,2026-01-16T08:00:00+00:00,4561.31,4709.12,0.2,SCRATCH,0.01,BULL_OB,2,OB|LiqSweep|Discount,WK_DN,trending,ASIAN,0.42,15.2,False,False,True,7.1,45.0,NEUTRAL,DISCOUNT
280,SHORT,4603.17,2026-01-16T08:00:00+00:00,4605.07,2026-01-16T11:30:00+00:00,4636.09,4524.16,-1.9,SCRATCH,0.01,BEAR_OB,1,OB,RNG_T,ranging,LONDON,0.42,13.2,False,False,True,5.6,40.9,BEARISH,DISCOUNT
281,SHORT,4602.07,2026-01-16T11:30:00+00:00,4603.37,2026-01-16T15:45:00+00:00,4636.71,4513.9,-1.3,SL,0.01,BEAR_OB,1,OB,WK_DN,trending,LONDON,0.42,12.6,True,False,True,13.7,40.6,BEARISH,DISCOUNT
282,SHORT,4605.76,2026-01-16T16:00:00+00:00,4592.58,2026-01-16T18:00:00+00:00,4644.87,4506.2,13.2,SL,0.01,BEAR_OB,1,OB,WK_DN,trending,NEW_YORK,0.42,14.2,True,False,False,48.9,54.7,BEARISH,DISCOUNT
283,LONG,4667.65,2026-01-20T04:00:00+00:00,4735.2,2026-01-20T11:45:00+00:00,4640.53,4736.7,67.6,TP,0.01,BULL_FVG,1,FVG,WK_UP,trending,ASIAN,0.42,9.9,True,True,False,65.4,50.2,BULLISH,PREMIUM
284,LONG,4834.23,2026-01-22T09:45:00+00:00,4826.02,2026-01-22T15:15:00+00:00,4745.08,5061.16,-8.2,SCRATCH,0.01,BULL_FVG,1,FVG,STR_UP,trending,LONDON,0.42,32.4,False,False,True,0.0,49.9,BULLISH,PREMIUM
285,LONG,4829.02,2026-01-22T15:15:00+00:00,4827.72,2026-01-22T17:00:00+00:00,4778.9,4956.6,-1.3,SL,0.01,BULL_OB,2,OB|FVG,WK_UP,trending,OVERLAP,0.42,18.2,True,False,False,15.3,71.1,BULLISH,PREMIUM
286,LONG,4840.8,2026-01-22T17:00:00+00:00,4975.06,2026-01-23T18:00:00+00:00,4787.47,4976.56,134.3,TP,0.01,BULL_OB,2,OB|BOS,WK_UP,trending,NEW_YORK,0.37,19.4,True,True,False,122.9,77.6,BULLISH,PREMIUM
287,LONG,4972.7,2026-01-23T18:00:00+00:00,4980.78,2026-01-23T23:30:00+00:00,4912.89,5124.93,8.1,SCRATCH,0.01,BOS_BULL,2,BOS|M15,STR_UP,trending,NEW_YORK,0.47,21.7,False,False,True,11.3,58.9,BULLISH,PREMIUM
288,LONG,5073.96,2026-01-26T15:15:00+00:00,5072.66,2026-01-26T18:15:00+00:00,5004.47,5250.83,-1.3,SL,0.01,BULL_FVG,1,FVG,STR_UP,trending,OVERLAP,0.37,25.3,True,False,True,26.2,63.3,BULLISH,PREMIUM
289,LONG,5065.77,2026-01-26T20:30:00+00:00,5026.54,2026-01-26T23:15:00+00:00,4990.3,5257.88,-39.2,SL,0.01,BULL_FVG,1,FVG,STR_UP,trending,LATE_NY,0.42,27.4,False,False,True,1.5,49.4,BULLISH,PREMIUM
290,LONG,5022.11,2026-01-26T23:15:00+00:00,5020.81,2026-01-27T02:45:00+00:00,4940.13,5218.86,-1.3,SL,0.01,BULL_FVG,1,FVG,RNG_W,ranging,ASIAN,0.42,32.8,True,False,True,33.2,32.3,BULLISH,PREMIUM
291,LONG,5034.23,2026-01-27T02:45:00+00:00,5252.05,2026-01-28T07:00:00+00:00,4942.85,5253.55,217.8,TP,0.01,BULL_FVG,1,FVG,RNG_W,ranging,ASIAN,0.42,36.6,True,True,True,209.9,40.5,BULLISH,PREMIUM
292,SHORT,4683.74,2026-02-02T21:45:00+00:00,4824.94,2026-02-03T02:15:00+00:00,4963.14,3972.54,-141.2,SL,0.01,BOS_BEAR,1,BOS,WK_DN,trending,LATE_NY,0.42,101.6,False,False,True,29.8,60.2,BEARISH,DISCOUNT
293,SHORT,4807.92,2026-02-03T05:45:00+00:00,4916.89,2026-02-03T09:30:00+00:00,5022.86,4292.06,-109.0,SL,0.01,BEAR_LIQSWEEP,2,LiqSweep|OTE,RNG_T,ranging,ASIAN,0.47,86.0,False,False,True,0.2,51.3,BEARISH,DISCOUNT
294,LONG,5042.03,2026-02-04T04:45:00+00:00,5040.73,2026-02-04T12:15:00+00:00,4893.5,5420.12,-1.3,SL,0.01,BULL_FVG,1,FVG,WK_UP,trending,ASIAN,0.37,54.0,True,False,True,45.9,73.1,BULLISH,PREMIUM
295,LONG,5042.38,2026-02-04T14:45:00+00:00,4988.84,2026-02-04T17:00:00+00:00,4938.3,5307.32,-53.5,SL,0.01,BULL_FVG,1,FVG,WK_UP,trending,OVERLAP,0.37,37.8,False,False,True,10.1,73.3,BULLISH,PREMIUM
296,LONG,4991.83,2026-02-04T17:00:00+00:00,4938.46,2026-02-04T18:45:00+00:00,4888.1,5240.77,-53.4,SL,0.01,BOS_BULL,2,BOS|FVG,RNG_T,ranging,NEW_YORK,0.37,41.5,False,False,True,0.0,24.7,BULLISH,PREMIUM
297,LONG,5011.29,2026-02-05T01:00:00+00:00,4936.07,2026-02-05T03:15:00+00:00,4863.85,5386.6,-75.2,SL,0.01,BULL_FVG,2,FVG|M15,WK_UP,trending,ASIAN,0.47,53.6,False,False,True,9.5,39.3,BULLISH,PREMIUM
298,LONG,4953.71,2026-02-05T03:15:00+00:00,4798.44,2026-02-05T05:00:00+00:00,4799.94,5345.14,-155.3,SL,0.01,BULL_FVG,1,FVG,STR_UP,trending,ASIAN,0.42,55.9,False,False,False,24.8,37.2,BULLISH,PREMIUM
299,LONG,4848.94,2026-02-05T05:00:00+00:00,4851.31,2026-02-05T07:00:00+00:00,4623.39,5230.64,2.4,SCRATCH,0.01,BULL_LIQSWEEP,1,LiqSweep|Discount,VOL_BK,breakout,ASIAN,0.37,69.4,False,False,True,36.4,35.7,NEUTRAL,DISCOUNT
300,SHORT,4851.31,2026-02-05T07:00:00+00:00,4856.4,2026-02-05T11:45:00+00:00,5071.24,4479.13,-5.1,SCRATCH,0.01,BOS_BEAR,1,BOS,VOL_BK,breakout,LONDON,0.42,67.7,False,False,True,0.0,41.4,BEARISH,DISCOUNT
301,SHORT,4853.4,2026-02-05T11:45:00+00:00,4851.24,2026-02-05T18:15:00+00:00,5018.53,4433.08,2.2,SCRATCH,0.01,BOS_BEAR,1,BOS,STR_DN,trending,LONDON,0.42,60.0,False,False,True,40.4,42.7,BEARISH,DISCOUNT
302,SHORT,4848.24,2026-02-05T18:15:00+00:00,4800.47,2026-02-06T04:15:00+00:00,5013.02,4428.79,47.8,SL,0.01,BOS_BEAR,1,BOS,STR_DN,trending,NEW_YORK,0.42,59.9,True,False,True,164.2,60.1,BEARISH,DISCOUNT
303,SHORT,4850.6,2026-02-06T07:15:00+00:00,4842.19,2026-02-06T11:00:00+00:00,5011.82,4463.68,8.4,SCRATCH,0.01,BEAR_FVG,1,FVG|Premium,RNG_W,ranging,LONDON,0.37,64.5,False,False,True,8.4,55.2,NEUTRAL,PREMIUM
304,SHORT,4839.19,2026-02-06T11:00:00+00:00,4918.85,2026-02-06T15:00:00+00:00,4995.51,4464.03,-79.7,SL,0.01,BEAR_FVG,3,FVG|M15|OTE,RNG_W,ranging,LONDON,0.52,62.5,False,False,True,0.0,50.9,BEARISH,DISCOUNT
305,LONG,4911.2,2026-02-06T15:00:00+00:00,4969.47,2026-02-12T18:00:00+00:00,4762.03,5290.9,58.3,SL,0.01,BOS_BULL,3,BOS|CHoCH|M15,WK_UP,trending,OVERLAP,0.35,54.2,True,False,True,199.2,81.4,NEUTRAL,PREMIUM
306,SHORT,5020.71,2026-02-16T04:00:00+00:00,4952.46,2026-02-18T15:00:00+00:00,5106.5,4802.34,68.2,SL,0.01,BEAR_FVG,2,FVG|M15|Premium,WK_DN,trending,ASIAN,0.42,31.2,True,True,False,163.9,59.5,NEUTRAL,PREMIUM
307,LONG,4999.47,2026-02-18T20:00:00+00:00,4972.77,2026-02-19T01:00:00+00:00,4949.08,5127.74,-26.7,SL,0.01,BULL_FVG,1,FVG,WK_UP,trending,LATE_NY,0.37,18.3,False,False,True,0.0,71.8,BULLISH,PREMIUM
308,LONG,4978.49,2026-02-19T01:00:00+00:00,4979.1,2026-02-19T06:30:00+00:00,4923.29,5118.99,0.6,SCRATCH,0.01,BULL_FVG,1,FVG,WK_UP,trending,ASIAN,0.37,20.1,False,False,True,2.0,73.5,BULLISH,PREMIUM
309,LONG,4982.1,2026-02-19T06:30:00+00:00,4991.03,2026-02-19T12:00:00+00:00,4932.9,5107.33,8.9,SL,0.01,BULL_FVG,1,FVG,WK_UP,trending,ASIAN,0.37,17.9,True,False,False,36.4,61.8,BULLISH,PREMIUM
310,LONG,4990.86,2026-02-19T12:00:00+00:00,4967.12,2026-02-19T16:30:00+00:00,4946.39,5104.05,-23.7,SL,0.01,BULL_FVG,1,FVG,WK_UP,trending,OVERLAP,0.42,16.2,False,False,True,4.8,54.8,BULLISH,PREMIUM
311,LONG,4994.23,2026-02-19T16:30:00+00:00,4992.93,2026-02-19T18:15:00+00:00,4942.24,5126.56,-1.3,SL,0.01,BULL_FVG,2,FVG|M15,WK_UP,trending,NEW_YORK,0.42,18.9,True,False,False,20.5,66.3,BULLISH,PREMIUM
312,LONG,5000.04,2026-02-19T18:15:00+00:00,4994.46,2026-02-19T23:45:00+00:00,4943.33,5144.38,-5.6,SCRATCH,0.01,BULL_FVG,1,FVG,STR_UP,trending,NEW_YORK,0.42,20.6,False,False,True,4.9,59.3,BULLISH,PREMIUM
313,LONG,4997.46,2026-02-19T23:45:00+00:00,4990.87,2026-02-20T05:15:00+00:00,4941.33,5140.34,-6.6,SCRATCH,0.01,BULL_FVG,1,FVG,STR_UP,trending,ASIAN,0.42,20.4,False,False,True,14.5,44.3,BULLISH,PREMIUM
314,LONG,4993.87,2026-02-20T05:15:00+00:00,5009.66,2026-02-20T17:00:00+00:00,4936.41,5140.12,15.8,SL,0.01,BULL_FVG,1,FVG,STR_UP,trending,ASIAN,0.42,20.9,True,False,True,59.2,51.0,BULLISH,PREMIUM
315,LONG,5023.65,2026-02-20T17:00:00+00:00,5185.92,2026-02-23T16:30:00+00:00,4959.31,5187.42,162.3,TP,0.01,BULL_FVG,1,FVG,STR_UP,trending,NEW_YORK,0.37,23.4,True,True,False,149.3,64.8,BULLISH,PREMIUM
316,LONG,5173.64,2026-02-24T07:00:00+00:00,5168.88,2026-02-24T12:30:00+00:00,5103.43,5352.34,-4.8,SCRATCH,0.01,BULL_FVG,4,FVG|BOS|OB|M15,WK_UP,trending,LONDON,0.57,25.5,False,False,True,7.6,47.2,BULLISH,PREMIUM
317,LONG,5171.88,2026-02-24T12:30:00+00:00,5140.25,2026-02-24T15:30:00+00:00,5111.62,5316.49,-31.6,SL,0.01,BULL_FVG,4,FVG|OB|BOS|OTE,RNG_W,ranging,OVERLAP,0.57,24.1,False,False,True,4.7,37.3,BULLISH,PREMIUM
318,SHORT,5144.26,2026-02-24T15:30:00+00:00,5145.56,2026-02-24T17:15:00+00:00,5215.8,4962.16,-1.3,SL,0.01,BOS_BEAR,3,BOS|CHoCH|M15,WK_DN,trending,OVERLAP,0.35,26.0,True,False,False,37.8,18.1,NEUTRAL,DISCOUNT
319,SHORT,5136.74,2026-02-24T17:15:00+00:00,5172.54,2026-02-24T22:30:00+00:00,5205.34,4962.12,-35.8,SL,0.01,BEAR_FVG,1,FVG|Premium,WK_DN,trending,NEW_YORK,0.37,24.9,False,False,True,0.0,41.9,NEUTRAL,PREMIUM
320,LONG,5162.51,2026-02-24T23:00:00+00:00,5127.12,2026-02-25T01:15:00+00:00,5094.72,5335.07,-35.4,SL,0.01,BULL_FVG,1,FVG|Discount,WK_UP,trending,ASIAN,0.37,24.7,False,False,True,0.0,39.7,NEUTRAL,DISCOUNT
321,LONG,5148.77,2026-02-25T01:30:00+00:00,5163.13,2026-02-25T13:00:00+00:00,5078.34,5328.04,14.4,SL,0.01,BULL_LIQSWEEP,1,LiqSweep|Discount,WK_DN,trending,ASIAN,0.37,25.6,True,False,False,52.9,42.1,NEUTRAL,DISCOUNT
322,LONG,5165.19,2026-02-25T13:00:00+00:00,5173.63,2026-02-25T16:30:00+00:00,5108.51,5301.23,8.4,SCRATCH,0.01,BULL_FVG,1,FVG,RNG_W,ranging,OVERLAP,0.42,22.7,False,False,True,21.4,56.8,BULLISH,PREMIUM
323,LONG,5209.13,2026-02-25T18:30:00+00:00,5180.35,2026-02-25T22:30:00+00:00,5154.57,5348.01,-28.8,SL,0.01,BOS_BULL,2,BOS|M15,WK_UP,trending,NEW_YORK,0.42,19.8,False,False,True,4.5,65.5,BULLISH,PREMIUM
324,LONG,5163.36,2026-02-25T23:00:00+00:00,5166.13,2026-02-26T02:00:00+00:00,5107.52,5297.37,2.8,END,0.01,BULL_FVG,2,FVG|LiqSweep|Discount,RNG_T,ranging,ASIAN,0.42,22.3,False,False,True,7.8,43.0,NEUTRAL,DISCOUNT
